id,domain,status,purchase_price,renewal_price,attractiveness,demand,length,registrar,created_at,expires_at,status_verified_at
ad2f3c96-34ee-4165-bb00-e091f25f5459,history.cat,available,18.83,25.04,high,low,7,spaceship,,,28/09/2026 17:27
6de70f83-5e2b-4752-a58b-2105fd78b55a,history.irish,premium,207.2,207.2,high,low,7,spaceship,,,28/09/2026 17:27
339120a6-f027-489c-9bb7-039b2ed3f52b,studies.shiksha,available,11.98,69.98,high,low,7,namecheap,,,16/09/2026 11:06
ab4d7264-9d05-4ab1-8005-5d302a792c51,studies.education,available,34.99,34.99,high,low,7,namesilo,,,16/09/2026 11:06
0012bf8f-4176-4fb6-bb71-bd7cd5d2fa7f,studies.degree,premium,242,242,high,low,7,namesilo,,,16/09/2026 11:06
224ff61d-0f31-4663-990a-83825c96c3cc,studies.school,available,36.49,36.49,high,low,7,namesilo,,,16/09/2026 11:06
a5208cc4-ae99-4d0d-8629-214eb53e0513,history.prof,premium,671.92,671.92,high,low,7,spaceship,,,28/09/2026 17:27
ec714f01-c426-4abd-bc8a-a7819772e233,studies.science,premium,1107,116,high,low,7,namesilo,,,16/09/2026 11:06
937d52dd-4513-4a77-9925-38e70b4ae0ec,history.university,premium,78.54,78.54,high,low,7,namesilo,,,28/09/2026 17:27
adc0bc6e-b14f-4afe-b2ba-eb9f62cab46b,history.degree,premium,1035.2,1035.2,high,low,7,spaceship,,,28/09/2026 17:27
759714d9-b03c-4b75-8a69-0e9f0edae79f,studies.expert,available,10.99,62.49,high,low,7,namesilo,,,16/09/2026 11:06
8ac98626-839b-4967-9af1-a4cf9d605800,philosophy.irish,available,7.49,22.49,high,low,10,namesilo,,,27/09/2026 13:03
b7260cdb-f9d4-4ca9-aaba-abff7c129395,studies.institute,available,9.99,27.49,high,low,7,namesilo,,,16/09/2026 11:06
a6304005-876f-420c-8b37-31c15b2bfe67,philosophy.lat,available,1.99,32.49,high,low,10,namesilo,,,27/09/2026 13:03
72bc3803-b1c2-40e0-a8db-997b8505a4c7,philosophy.black,available,16.27,53.72,high,low,10,dynadot,,,27/09/2026 13:03
a56a7de2-1a42-4b4c-b1d2-cdc1ad0bd1da,philosophy.desi,available,19.98,22.98,high,low,10,namecheap,,,27/09/2026 13:03
0ccf3da6-fd0a-46be-88d3-31a40cc178bb,studies.red,available,11.49,23.49,high,low,7,namesilo,,,16/09/2026 11:06
ab4d0fd5-d178-4beb-b57b-731932140cb1,history.shiksha,premium,768,768,high,low,7,namesilo,,,28/09/2026 17:27
53317ba9-cae6-4747-a1bf-5b37d366f77b,history.productions,premium,66.5,85.8,high,low,7,unstoppable,,,28/09/2026 17:27
ce912a9c-e427-4279-bfcd-ce66687377a9,history.study,premium,5175.2,5175.2,high,low,7,spaceship,,,28/09/2026 17:27
c42755fb-76de-4b0c-b3c6-0618282af940,studies.irish,available,5.98,31.98,high,low,7,namecheap,,,16/09/2026 11:06
770ea985-b005-448a-b836-d492373c4c57,history.moi,available,25.99,25.99,high,low,7,namesilo,,,28/09/2026 17:27
6f904c31-8bc5-42d2-b46d-bdc56d93ff91,history.desi,available,19.98,22.98,high,low,7,namecheap,,,28/09/2026 17:27
4aaca8c8-ec62-45ce-9571-28faca382175,history.design,premium,116,116,high,low,7,namesilo,,,28/09/2026 17:27
c58a4a8e-c6b0-4ceb-8fab-9707eb200660,history.lifestyle,premium,362.45,517.7,high,low,7,spaceship,,,28/09/2026 17:27
eb70cc0e-5864-42fa-a92b-1b7999b54aa4,studies.courses,available,2.19,38.99,high,low,7,namesilo,,,16/09/2026 11:06
53c8e87e-2edc-47f7-972d-bab277f559c7,history.site,premium,2500.2,3125,high,low,7,unstoppable,,,28/09/2026 17:27
3144d4d9-f699-4b05-b455-c300ec96110c,studies.tech,premium,162.5,650,high,low,7,namecheap,,,16/09/2026 11:06
9a2c9f24-6495-4d69-9445-99a71df73d26,studies.faith,available,12.98,16.98,high,low,7,namecheap,,,16/09/2026 11:06
849e9ca4-2301-46f8-ac6c-5a0e98610531,studies.name,available,8.98,9.98,high,low,7,namecheap,,,16/09/2026 11:06
98c51482-2b41-4e90-85ef-dcf76ef28914,studies.miami,premium,96,21.24,high,low,7,namesilo,,,16/09/2026 11:06
52337326-5fbe-49ef-87d9-ab6af5b3603b,philosophy.soy,premium,40.57,40.57,high,low,10,spaceship,,,27/09/2026 13:03
23154b8b-b3df-46e1-92ce-b2c903d38db9,studies.bayern,available,34.99,34.99,high,low,7,namesilo,,,16/09/2026 11:06
ae2b3ab5-9db1-42d7-a9bb-46e3c1b334f1,philosophy.university,premium,68.51,68.51,high,low,10,spaceship,,,27/09/2026 13:03
f9276afc-8dca-4710-ab4b-0fa15dfd330d,studies.wtf,available,7.49,36.49,high,low,7,namesilo,,,16/09/2026 11:06
1f49cd2a-f94c-431b-8eb7-6eb51e00c876,history.phd,premium,671.92,671.92,high,low,7,spaceship,,,28/09/2026 17:27
5a825b77-fd1f-4f81-81a2-c054b2566a5c,literature.education,available,34.99,34.99,high,low,10,namesilo,,,24/08/2026 02:03
50491526-bb03-4f53-9371-3376e1aec0b0,philosophy.review,premium,455,65,high,low,10,namecheap,,,27/09/2026 13:03
29ec125d-f781-46ec-9bb9-92d5c2a58e25,history.codes,available,8.5,71.99,high,low,7,unstoppable,,,28/09/2026 17:27
6ca4040d-613c-45d5-a31d-e0d922b60078,studies.ryukyu,available,17.98,22.98,high,low,7,namecheap,,,16/09/2026 11:06
c9c83e46-5261-4ee8-b6d8-3d4e2a28ad8a,studies.prof,premium,427.7,427.7,high,low,7,namecheap,,,16/09/2026 11:06
d051ed96-c560-47d8-867d-9956bd654f61,studies.pink,available,14.49,25.99,high,low,7,namesilo,,,16/09/2026 11:06
552ea068-f88f-4fcb-aa76-94f822af6057,history.tech,premium,3450,3450,high,low,7,namesilo,,,28/09/2026 17:27
f6c657d6-cb5c-446c-9e41-bce8665cffe7,studies.builders,available,35.99,35.99,high,low,7,namesilo,,,16/09/2026 11:06
6baf2363-1084-4b87-8b0e-c7794be4bc32,history.uno,premium,1300,1300,high,low,7,namecheap,,,28/09/2026 17:27
f4d02f6f-7bf4-4844-939f-63bb72751ea8,philosophy.guitars,available,93.35,103.4,high,low,10,spaceship,,,27/09/2026 13:03
03092ec2-acfb-410c-affb-7613d08c4efd,studies.build,available,32.98,39.98,high,low,7,namecheap,,,16/09/2026 11:06
a9c3f2a9-1288-42d4-8db5-ee7ded56ff33,history.law,available,83,83,high,low,7,spaceship,,,28/09/2026 17:27
01facd02-8315-40d5-a75b-1d8b394d30b4,studies.you,premium,53.92,53.92,high,low,7,namesilo,,,16/09/2026 11:06
19b1ea87-6327-4ae6-a554-ad99f1569938,history.hamburg,available,69.98,73.98,high,low,7,namecheap,,,28/09/2026 17:27
92de0fa8-6152-4897-b0fd-7660ba6b0caf,studies.productions,available,10.99,40.49,high,low,7,namesilo,,,16/09/2026 11:06
39f719cc-8a70-4d62-8fdf-3f41bd6d0136,philosophy.io,resell,,,high,low,10,,,,27/09/2026 13:03
4943cbfc-a990-4337-92cc-229f91af3d60,history.builders,available,27.2,27.2,high,low,7,cloudflare,,,28/09/2026 17:27
82db5646-cd7c-4975-8ff8-f55d6acf7537,studies.cool,available,9.49,44.99,high,low,7,namesilo,,,16/09/2026 11:06
f515509e-7ae3-458d-a341-6bbd21cae0ba,philosophy.zone,available,7.96,31.25,high,low,10,spaceship,,,27/09/2026 13:03
d5a21776-cc30-4e22-ad87-64a0d97aefd0,history.furniture,available,20.9,82.76,high,low,7,spaceship,,,28/09/2026 17:27
a22c2936-7801-4fb6-900a-f4fe3c8689c7,studies.engineering,available,10.48,85.98,high,low,7,namecheap,,,16/09/2026 11:06
7f06b01a-3d53-4f3c-a423-88438f4087ab,history.so,available,68.98,,high,low,7,namecheap,,,
f0abf173-2d39-4408-b136-ac11fb805818,studies.gold,available,9.99,99.99,high,low,7,namesilo,,,16/09/2026 11:06
941b259b-28d8-4ded-ab4b-22ea6acea244,studies.community,available,45.99,45.99,high,low,7,namesilo,,,16/09/2026 11:06
caec415a-799a-4172-9507-985e14d50cbb,philosophy.jewelry,available,64.99,64.99,high,low,10,namesilo,,,27/09/2026 13:03
7e6e12c2-23f9-498f-bffc-29272b54faa0,studies.my,premium,91.96,91.96,high,low,7,namesilo,,,16/09/2026 11:06
d5d0bec5-ae20-47de-a5e5-3177c5eb43b6,history.tours,resell,,,high,low,7,,,,28/09/2026 17:27
80ad0855-17c9-4356-a7b4-88cab6e1835b,studies.luxe,available,19.49,19.49,high,low,7,namesilo,,,16/09/2026 11:06
8d552102-9c1a-4ff7-9037-70c0eb78aeb8,history.futbol,available,5.38,13.66,high,low,7,spaceship,,,28/09/2026 17:27
00dcea1c-d62b-4dad-9073-4f7b644ace31,history.haus,available,13.5,33.99,high,low,7,unstoppable,,,28/09/2026 17:27
5b55ce39-4800-4c84-86b6-dc2422fed00c,studies.attorney,available,62.99,62.99,high,low,7,namesilo,,,16/09/2026 11:06
f8e8894f-7b6c-4737-a4af-e6fa872e7eb4,history.accountant,premium,385,55,high,low,7,dynadot,,,28/09/2026 17:27
4a57dbbe-8ae8-4890-8626-d115adc1892d,history.sbs,premium,384,768,high,low,7,namesilo,,,28/09/2026 17:27
61c4db91-6bab-42e8-a120-bedadc16b085,studies.city,available,7.25,28.49,high,low,7,namesilo,,,16/09/2026 11:06
d50cfd73-ebbc-42bd-b5ad-ff3f4fcd06bc,studies.nyc,available,31.99,31.99,high,low,7,namesilo,,,16/09/2026 11:06
97c85f5b-6a3b-4199-bb36-d54a6ced17b1,studies.skin,available,1.99,17.29,high,low,7,namesilo,,,16/09/2026 11:06
1aadace6-b246-437e-8578-bad12448e7e6,history.graphics,available,23.99,23.99,high,low,7,namesilo,,,28/09/2026 17:27
0700e7ee-53b2-49a8-94f8-f04f0bfcc8ef,studies.graphics,available,22.98,31.98,high,low,7,namecheap,,,16/09/2026 11:06
78d86018-a147-4703-afa0-b0d200db66fa,philosophy.talk,premium,62.3,62.3,high,low,10,spaceship,,,27/09/2026 13:03
3d3ec7d2-bcb8-453b-97b9-0149b1fd9f74,literature.schule,available,19.99,41.99,high,low,10,name.com,,,24/08/2026 02:03
6fcd5a60-63a9-489c-bfdc-5c1eebdd6268,history.cooking,available,26.08,26.08,high,low,7,spaceship,,,28/09/2026 17:27
bcf0c378-c003-4ecb-bd5f-f6db17db128c,history.vote,available,34.99,90.99,high,low,7,namesilo,,,28/09/2026 17:27
dfec4510-bdba-41cd-a952-aef97664b080,philosophy.site,premium,273.44,1092.18,high,low,10,porkbun,,,27/09/2026 13:03
aa9964db-2960-4335-9726-d4434f4069a7,studies.maison,available,57.99,57.99,high,low,7,namesilo,,,16/09/2026 11:06
92204e4c-6235-47ba-9bf7-29a59aa74a70,history.church,resell,,,high,low,7,"Name.com, Inc.",09/01/2021 21:34,09/01/2027 21:34,28/09/2026 17:27
78fe74c4-100c-49ce-a666-db224b1d1c36,studies.vodka,available,32.49,32.49,high,low,7,namesilo,,,16/09/2026 11:06
a99debbb-4c4a-48e4-9c7e-35cea1aad0cc,philosophy.lifestyle,premium,455,650,high,low,10,namecheap,,,27/09/2026 13:03
6b42827a-201c-4ea7-8676-b9113bc64d7f,history.camp,resell,,,high,low,7,"GoDaddy.com, LLC",14/04/2020 03:17,14/04/2027 03:17,28/09/2026 17:27
9850917d-7b6e-486a-885a-038f0a7af72b,history.schule,available,29.98,32.98,high,low,7,namecheap,,,28/09/2026 17:27
fcc4621a-6486-4e74-bfba-87b16369724e,history.shop,premium,517.7,517.7,high,low,7,spaceship,,,28/09/2026 17:27
afa8c048-f491-4205-b74c-1d38727eac65,literature.institute,available,5.98,37.98,high,low,10,namecheap,,,24/08/2026 02:03
33b816b8-7e65-469c-b690-30f11fe378ba,studies.house,available,19.99,44.49,high,low,7,namesilo,,,16/09/2026 11:06
daf194ce-63ce-4a98-b4c6-3e75dead918b,studies.reise,available,27.89,97.99,high,low,7,namesilo,,,16/09/2026 11:06
5133f49d-1181-4fcd-8fe2-f271be79e402,history.hair,available,1.99,14.45,high,low,7,dynadot,,,28/09/2026 17:27
3cdc92cd-2d27-4ced-aaf3-bb6cb95074ff,philosophy.pics,available,1.99,32.49,high,low,10,namesilo,,,27/09/2026 13:03
109479a7-cb19-4790-8025-cfc11a5ab463,history.supply,available,20.2,20.2,high,low,7,cloudflare,,,28/09/2026 17:27
008ecd58-494f-447d-979a-e80359ea09f5,philosophy.events,available,15.99,45.99,high,low,10,namesilo,,,27/09/2026 13:03
6cbf3c47-06a6-44d0-b37c-0dd0db87168a,history.archi,available,13.39,82.9,high,low,7,porkbun,,,28/09/2026 17:27
10c8331a-8b3a-4561-a453-5a195d7b1d1b,studies.luxury,available,49.99,,high,low,7,name.com,,,16/09/2026 11:06
d467ae83-da73-4efe-9d9a-27a7c0a7e1c6,history.ltda,premium,66.3,66.3,high,low,7,namecheap,,,28/09/2026 17:27
f1a44eed-b3df-4f15-abfd-89e594aae10f,studies.phd,premium,427.7,427.7,high,low,7,namecheap,,,16/09/2026 11:06
2714827a-112f-4a96-aa57-64009a7118c8,history.storage,available,465.95,500.2,high,low,7,spaceship,,,28/09/2026 17:27
e20bcb25-7da2-4ce2-810f-1ef5d3d549e8,studies.realty,available,109.99,299,high,low,7,namesilo,,,16/09/2026 11:06
d5521297-860c-42ba-b7ba-0dd3d4bb185f,studies.clothing,available,32.99,32.99,high,low,7,namesilo,,,16/09/2026 11:06
97ccf0ea-3b95-4eb5-9d99-6d06346a2ffb,culture.lat,resell,,,high,medium,7,Dynadot Inc,19/02/2026 07:15,19/02/2027 23:59,29/09/2026 12:04
c6e6f713-bec3-4b1c-a08d-3e271e7b6c69,history.lease,available,43.2,43.2,high,low,7,cloudflare,,,28/09/2026 17:27
c5272e5e-0e10-48ce-99ba-fc31a6b41cf7,history.limited,premium,102.67,102.67,high,low,7,spaceship,,,28/09/2026 17:27
293dd7b4-eaff-49ba-ab5b-ce27a302efe7,history.vodka,premium,500,,high,low,7,name.com,,,28/09/2026 17:27
fae49809-389c-4f96-a1e1-56ea9e16a609,history.pink,available,5.89,20.9,high,low,7,spaceship,,,28/09/2026 17:27
002c1f70-7a1f-44f1-a1a1-c3f8aba8a20a,philosophy.consulting,available,7.45,43.67,high,low,10,spaceship,,,27/09/2026 13:03
6576ed5f-e2bf-4371-be02-1dade4139515,philosophy.theatre,available,509.99,529.99,high,low,10,namesilo,,,27/09/2026 13:03
2c554cd5-b296-4ec9-8330-390e61dc2ebe,philosophy.la,resell,,,high,low,10,,,,27/09/2026 13:03
0df62268-fee7-4d73-9369-c0e602bb5f8d,studies.help,available,2.19,32.49,high,low,7,namesilo,,,16/09/2026 11:06
016906f7-d66c-44b6-b1e1-54611de64c77,studies.spot,premium,116,116,high,low,7,namesilo,,,16/09/2026 11:06
d2c35abd-37e4-412f-a8e0-3befadd74944,philosophy.casa,available,1.5,10.92,high,low,10,dynadot,,,27/09/2026 13:03
7c0c2e1b-4d7d-4384-8fcc-8d9ad07e79c6,philosophy.furniture,available,23.98,127.98,high,low,10,namecheap,,,27/09/2026 13:03
cd35e431-d22a-4193-8c41-79a01ca5e9bc,studies.haus,available,14.99,33.99,high,low,7,namesilo,,,16/09/2026 11:06
e12aae61-4c7f-4e61-80ff-2d5d8dc440ed,studies.apartments,available,57.99,57.99,high,low,7,namesilo,,,16/09/2026 11:06
8e2eb1bf-9c07-4e6b-a7bd-bca7ae380c9a,history.paris,available,66.98,66.98,high,low,7,namecheap,,,28/09/2026 17:27
08e07164-666f-4133-aa3b-0a12aac25672,history.systems,resell,,,high,low,7,"GoDaddy.com, LLC",29/11/2024 22:44,29/11/2029 22:44,28/09/2026 17:27
681b43ef-3762-4f2d-b09c-ec69feafeeb9,studies.net,resell,,,high,low,7,Whois Corp.,18/01/2001 11:31,18/01/2027 11:31,26/09/2026 09:21
d8bb0d4c-d409-4024-8e83-5ef832913099,studies.cars,available,1999.99,2199,high,low,7,namesilo,,,16/09/2026 11:06
72d2d344-01f3-4fb5-81d4-b0a04e2c7316,history.immo,available,28.15,28.15,high,low,7,spaceship,,,28/09/2026 17:27
976ff42e-4eb4-445f-8aaf-e39f742c27dd,history.vegas,premium,242,119.94,high,low,7,namesilo,,,28/09/2026 17:27
e3f19fb8-5c42-4c88-801e-043146991951,history.services,available,14.99,38.99,high,low,7,namesilo,,,28/09/2026 17:27
b673480e-db46-4175-a214-5a2dd0a16d87,studies.day,premium,323.7,323.7,high,low,7,namecheap,,,16/09/2026 11:06
65f13849-6d62-4bdc-bf27-acc45eff0d72,studies.website,premium,116,116,high,low,7,namesilo,,,16/09/2026 11:06
ccff17f5-d585-4c5c-8e84-08a675d49163,philosophy.kiwi,available,31.98,35.68,high,low,10,namecheap,,,27/09/2026 13:03
5578faab-8ccf-4f84-8bb3-7f3c33c73739,history.repair,available,5.38,29.18,high,low,7,spaceship,,,28/09/2026 17:27
37a1691a-2e8c-407f-b10a-449876c13ffb,philosophy.monster,available,1.99,17.29,high,low,10,namesilo,,,27/09/2026 13:03
3f571c58-8ea6-4644-8de9-89c8689e21b0,studies.immobilien,available,39.98,43.98,high,low,7,namecheap,,,16/09/2026 11:06
f8107f2b-e6cd-481d-8b10-7144ec030957,studies.global,available,46.99,95.99,high,low,7,namesilo,,,16/09/2026 11:06
8d668678-b40c-4652-9a8e-a22fbbc35b16,literature.gallery,available,28.99,28.99,high,low,10,namesilo,,,24/08/2026 02:03
de1fcd70-0dc8-4346-ad97-db1b41a3b028,history.fyi,resell,,,high,low,7,"NameSilo, LLC",27/02/2022 21:11,27/02/2027 21:11,28/09/2026 17:27
07dbeb5d-fa6b-4405-a5b1-0719c2ff3e73,studies.vip,premium,116,17.7,high,low,7,namesilo,,,16/09/2026 11:06
4eb8ea38-0f4d-4a61-89b4-a63b8a8d5d58,studies.channel,premium,323.7,323.7,high,low,7,namecheap,,,16/09/2026 11:06
039f2faa-c01b-42dc-8bce-e3a72d15bd2d,philosophy.industries,available,45.99,45.99,high,low,10,namesilo,,,27/09/2026 13:03
79ae8add-4e40-4e08-bbde-467712b9b2d7,philosophy.tours,available,5.66,49.95,high,low,10,porkbun,,,27/09/2026 13:03
0b4b46dc-fb18-4ad3-9a9d-39fed5c52a49,history.enterprises,available,3.5,29.01,high,low,7,dynadot,,,28/09/2026 17:27
00716344-f661-4d54-8171-d08ed47bc157,studies.photos,available,15.99,29.99,high,low,7,namesilo,,,16/09/2026 11:06
0cf9c0a2-a5f7-4615-a034-452b757ff686,history.biz,resell,,,high,low,7,"Domain Registration Services, Inc. dba dotEarth.com",27/03/2002 07:17,26/03/2027 23:59,28/09/2026 17:27
31012d7e-ee3c-4167-b087-208fd010ba69,studies.discount,available,30.99,30.99,high,low,7,namesilo,,,16/09/2026 11:06
54624438-fca6-49f5-8ac7-27ae52ccd48a,literature.expert,available,,,high,low,10,,,,
835ebf85-63b8-46bd-a388-21c4efef50be,studies.ooo,premium,58.99,23.59,high,low,7,namesilo,,,16/09/2026 11:06
b2e56cbc-7d11-40b8-ab1c-1d21afadcedb,history.menu,available,27.99,27.99,high,low,7,namesilo,,,28/09/2026 17:27
8a34866f-3275-48c6-889b-524870471a2c,studies.condos,available,58.99,58.99,high,low,7,namesilo,,,16/09/2026 11:06
45959108-853c-4fc9-bbf3-422e130272b7,philosophy.boo,premium,30.22,30.22,high,low,10,spaceship,,,27/09/2026 13:03
269c5634-3373-49e2-b175-006d82ff7773,history.yoga,premium,96,29.5,high,low,7,namesilo,,,28/09/2026 17:27
ebde10de-cac6-47db-85cf-73bb7fde6a0e,studies.menu,available,27.99,27.99,high,low,7,namesilo,,,16/09/2026 11:06
67c38886-6a86-41e3-97ee-6570fbaaafb0,history.meme,premium,362.45,362.45,high,low,7,spaceship,,,28/09/2026 17:27
a40548e8-4ea8-4651-84f6-bbdf395f2668,studies.esq,premium,427.7,427.7,high,low,7,namecheap,,,16/09/2026 11:06
8c9d2768-4b4f-44b8-ab0f-225d6089391b,history.diamonds,available,54.99,54.99,high,low,7,namesilo,,,28/09/2026 17:27
876cbc66-41d9-4bba-b97f-78fcbcf56c70,philosophy.jetzt,available,18.83,18.83,high,low,10,spaceship,,,27/09/2026 13:03
aa148483-cdca-4f00-8903-b35b4554b4be,studies.land,available,5.98,54.98,high,low,7,namecheap,,,16/09/2026 11:06
e0415f58-86fa-4d4d-ac95-b0c2bb2b6b75,history.insure,available,72.99,72.99,high,low,7,namesilo,,,28/09/2026 17:27
b0a8e32a-d29c-4a4d-9743-5e1dc3a9a256,studies.soy,available,28.98,39.98,high,low,7,namecheap,,,16/09/2026 11:06
7d9d8ce2-7fb9-41c0-af90-59baebed198d,studies.domains,available,44.98,53.98,high,low,7,namecheap,,,16/09/2026 11:06
ca50f2a9-8aa8-4a2e-b4ba-309010e6e986,philosophy.ing,premium,,,high,low,10,,,,27/09/2026 13:03
6a897766-4bb6-455f-a517-1cb799852349,studies.furniture,available,27.99,94.99,high,low,7,namesilo,,,16/09/2026 11:06
60bccdb5-a66a-44dc-a242-fda03f504d67,studies.schule,available,29.98,32.98,high,low,7,namecheap,,,16/09/2026 11:06
c7ab50a0-651a-45e6-8a46-f536f59bfb7d,philosophy.navy,available,33.32,33.32,high,low,10,spaceship,,,27/09/2026 13:03
56b5cfda-4846-4e63-bac3-946cd45e3cd6,history.online,premium,3450,3450,high,low,7,namesilo,,,28/09/2026 17:27
8bd72292-9708-483e-9300-819e9243ea1c,history.click,resell,,,high,low,7,,,,28/09/2026 17:27
ae843cbc-c62b-4843-8364-132ae222c243,philosophy.dad,premium,,,high,low,10,,,,27/09/2026 13:03
8dff17c7-1ca0-4711-bd82-3e3bba593a11,philosophy.rich,available,78.99,160.71,high,low,10,porkbun,,,27/09/2026 13:03
9cdab432-6266-4b01-b4d8-29e84a29c71e,studies.plus,available,15.99,53.99,high,low,7,namesilo,,,16/09/2026 11:06
99a8342c-e120-4ed7-b4c6-b3a566b919ab,studies.deal,available,38.99,38.99,high,low,7,namesilo,,,16/09/2026 11:06
52b6d148-0955-45b5-9483-b35b09940ce7,history.mortgage,available,62.99,62.99,high,low,7,namesilo,,,28/09/2026 17:27
fb890b12-61d6-48ec-9591-c000c68c4e0c,history.loans,available,20.99,116.99,high,low,7,namesilo,,,28/09/2026 17:27
ec3f4bd9-d7a2-4173-bba8-e949f52e80b6,philosophy.cyou,premium,384,768,high,low,10,namesilo,,,27/09/2026 13:03
1f0315eb-3912-4bd6-b9e2-ea7b1d3d7f4e,studies.careers,available,28.98,89.98,high,low,7,namecheap,,,16/09/2026 11:06
a104ee39-8e50-4e2c-972f-a1f7717a0047,literature.site,premium,781.25,3125,high,low,10,name.com,,,24/08/2026 02:03
5db9eefd-c52c-4149-9e14-4fa77a5c1b86,philosophy.trading,available,16.76,16.76,high,low,10,spaceship,,,27/09/2026 13:03
e7d07608-c9f6-44db-aefd-91dc80932131,studies.trade,available,5.25,6.25,high,low,7,namesilo,,,16/09/2026 11:06
8ec1f78d-e3e2-4eb5-b2b4-d32fb11458ed,philosophy.properties,available,18.99,39.99,high,low,10,namesilo,,,27/09/2026 13:03
a8d21f75-3852-427c-b600-1d93c696e9d1,studies.vet,available,41.99,41.99,high,low,7,namesilo,,,16/09/2026 11:06
efc38724-7ea6-4ca3-a0a7-20e35591867a,philosophy.charity,available,14.99,23.99,high,low,10,namesilo,,,27/09/2026 13:03
ef6566af-db1b-4efc-b04c-f16c39f0fd34,studies.sh,available,39.99,47.99,high,low,7,namesilo,,,16/09/2026 11:06
183e49ea-c884-4059-baac-802597691f0a,philosophy.immobilien,available,8.24,31.15,high,low,10,dynadot,,,27/09/2026 13:03
51e85cfb-3df0-4466-8cc0-cbb0e99dcd20,studies.gifts,available,36.99,36.99,high,low,7,namesilo,,,16/09/2026 11:06
3638352f-5480-451c-9196-fc317c829c50,literature.blue,available,13.98,32.98,high,low,10,namecheap,,,24/08/2026 02:03
84ae85f4-c099-470f-a9ad-96a2b07ecce5,history.discount,available,4.5,24.83,high,low,7,dynadot,,,28/09/2026 17:27
9b5d343c-f0f3-45af-b573-38c5b8035b4f,philosophy.golf,available,6.41,51.95,high,low,10,spaceship,,,27/09/2026 13:03
29dea8ae-a934-45b8-a160-5cd91a002d37,history.life,resell,,,high,low,7,"Spaceship, Inc.",31/12/2024 15:15,31/12/2026 15:15,28/09/2026 17:27
b28f487e-5b29-42b3-8f66-8fe347d2a48f,history.fans,premium,51.95,103.7,high,low,7,spaceship,,,28/09/2026 17:27
03c00076-f168-49d1-a4f1-30b4a232616c,philosophy.rent,available,17.99,59.99,high,low,10,namesilo,,,27/09/2026 13:03
b5c7d75b-a806-4e01-bd2d-605216925205,history.inc,premium,2015,2600,high,low,7,namecheap,,,28/09/2026 17:27
759535b7-f26c-424e-8942-918c32742c18,studies.cab,available,32.99,32.99,high,low,7,namesilo,,,16/09/2026 11:06
8c57ae3c-abef-404c-9435-94031e3bd75f,studies.voting,available,1398,1448,high,low,7,namecheap,,,16/09/2026 11:06
ba7bc167-5306-46d4-8d03-235bee6d4346,studies.run,available,6.99,26.99,high,low,7,namesilo,,,16/09/2026 11:06
c257fb73-138f-4589-9b65-fbc213c06006,history.promo,available,10.55,19.87,high,low,7,spaceship,,,28/09/2026 17:27
e96a7eca-3d4e-49e1-a8e6-e31e2d48e867,history.democrat,available,5.38,26.08,high,low,7,spaceship,,,28/09/2026 17:27
7cf1d94b-2691-4386-a26d-8e983343b862,history.zip,premium,249.2,,high,low,7,unstoppable,,,28/09/2026 17:27
01c6e79a-a5d7-4163-b1bf-43a9d24acc48,literature.irish,available,7.49,22.49,high,low,10,namesilo,,,27/09/2026 06:57
b4f6e145-5fac-45e9-8a57-dbda926f0523,literature.graphics,available,22.98,31.98,high,low,10,namecheap,,,24/08/2026 02:03
48e4f8b3-01e2-4934-b681-3a90d3f32400,history.free,premium,1107,1107,high,low,7,namesilo,,,28/09/2026 17:27
7aa1dfbc-e2cf-4ba5-b447-fbc843025b49,history.one,premium,517.7,517.7,high,low,7,spaceship,,,28/09/2026 17:27
4050f913-eb8b-424a-952b-d0cfa866e281,philosophy.dance,available,16.99,27.49,high,low,10,namesilo,,,27/09/2026 13:03
793dfea3-63e2-4145-822d-f205fee54aa2,studies.sucks,available,218.99,218.99,high,low,7,namesilo,,,16/09/2026 11:06
7d692bf1-78cd-4583-857d-47d0529864fb,history.associates,premium,118.8,118.8,high,low,7,namesilo,,,28/09/2026 17:27
23a8df25-9c4d-40cd-8573-8891cf264f85,literature.zone,available,8.98,51.98,high,low,10,namecheap,,,24/08/2026 02:03
801b1e08-87d7-4b0f-8161-cf09c8bfff55,philosophy.christmas,available,34.99,34.99,high,low,10,namesilo,,,27/09/2026 13:03
4d281e1b-2a18-4842-99d3-7be464cafba0,history.cash,available,12.99,38.99,high,low,7,namesilo,,,28/09/2026 17:27
601fd3b5-640a-4279-b806-3577879b6d3a,philosophy.community,available,35.2,35.2,high,low,10,cloudflare,,,27/09/2026 13:03
9c7889c6-c71b-4b66-93fb-57ec65260a4e,history.dev,premium,811.25,,high,low,7,name.com,,,28/09/2026 17:27
fdf624cc-d2f1-40a4-ac5f-aea95915b4ee,studies.org,resell,101200,21.99,high,low,7,"GoDaddy.com, LLC",03/04/1998 05:00,02/04/2032 05:00,26/09/2026 09:21
91cdfc86-5a18-4ff8-853f-fc962637e168,studies.gripe,available,6.99,6.99,high,low,7,namesilo,,,16/09/2026 11:06
8ab77ed1-569f-4662-94a7-e540fcaac0da,philosophy.living,premium,640,640,high,low,10,namesilo,,,27/09/2026 13:03
aac4a494-5a41-417f-94dc-06b3325ee449,philosophy.shiksha,available,10.55,41.6,high,low,10,spaceship,,,27/09/2026 13:03
d5588358-6cc8-4bbf-97ad-a16e56f0b992,studies.diamonds,available,54.99,54.99,high,low,7,namesilo,,,16/09/2026 11:06
b133312b-b78f-49b3-8a86-7562c0595e9b,philosophy.express,available,30.2,30.2,high,low,10,cloudflare,,,27/09/2026 13:03
3c6e3438-eb31-4bd9-8501-a8ce7e447ba6,philosophy.mba,available,30.2,30.2,high,low,10,cloudflare,,,27/09/2026 13:03
062c8317-f4eb-4eb8-8d0b-84f5ee96ba12,philosophy.bet,available,7.96,20.9,high,low,10,spaceship,,,27/09/2026 13:03
58f3441d-3350-41ac-a55a-382d13dcaa26,studies.inc,premium,2061.5,2660,high,low,7,namesilo,,,16/09/2026 11:06
ea4f6cc4-c55b-4576-a734-bf40829f8524,studies.repair,available,12.99,36.99,high,low,7,namesilo,,,16/09/2026 11:06
829d14c0-df5d-4699-81f0-5f4682127912,studies.protection,available,1999.99,2049.99,high,low,7,namesilo,,,16/09/2026 11:06
febee326-f1dc-405b-91fc-e7ed1447cc16,studies.college,available,17.99,59.99,high,low,7,namesilo,,,16/09/2026 11:06
f37ed219-a65d-411c-9ab5-200928a9e0d1,history.careers,available,16.27,59.07,high,low,7,dynadot,,,28/09/2026 17:27
6bf2107e-678d-43ea-bff4-da4df6525c79,studies.vin,available,8.99,59.99,high,low,7,namesilo,,,16/09/2026 11:06
5afc1e3a-30ec-45d5-a374-d1d2c67d4b0d,studies.rip,available,23.49,23.49,high,low,7,namesilo,,,16/09/2026 11:06
290d2c52-2746-4fdb-8bb5-378f7d8d0d5c,studies.london,premium,137.98,31.8,high,low,7,namesilo,,,16/09/2026 11:06
a9a2311e-ab39-411c-b631-b846be277692,history.loan,premium,437.5,,high,low,7,name.com,,,28/09/2026 17:27
b52ae19a-2892-4053-bdb5-6f0b8eb15c56,history.sucks,premium,2658.67,2658.67,high,low,7,namesilo,,,28/09/2026 17:27
29ddb6c7-5852-4c9d-b9a5-9b0975c59119,studies.singles,available,9.49,33.99,high,low,7,namesilo,,,16/09/2026 11:06
08b3c818-26c5-4b52-82b9-4f88d2c99843,philosophy.fan,available,43.67,43.67,high,low,10,spaceship,,,27/09/2026 13:03
65b269e5-5be7-4577-a608-87c1f5aa03d5,philosophy.new,available,412.2,412.2,high,low,10,spaceship,,,27/09/2026 13:03
17e1f169-2883-45c6-b178-b086685dc94d,philosophy.llc,premium,640,640,high,low,10,namesilo,,,27/09/2026 13:03
8633c452-b955-4757-b149-64b333c92b04,history.tienda,available,59.99,59.99,high,low,7,namesilo,,,28/09/2026 17:27
d7b58c2a-30a3-4659-bed0-39e96a70cb27,philosophy.cloud,resell,,,high,low,10,,,,27/09/2026 13:03
81d81342-4d09-48ed-bebe-5a19c0fcb08e,studies.gmbh,available,45.99,45.99,high,low,7,namesilo,,,16/09/2026 11:06
f23df3b4-26cd-4c38-9d94-a2bf494bb8df,philosophy.auto,available,2070,2950,high,low,10,namecheap,,,27/09/2026 13:03
0a1034ca-c6cc-4bd3-a123-f3eff22c47bd,philosophy.auction,available,28.2,28.2,high,low,10,cloudflare,,,27/09/2026 13:03
daaf6106-d973-45bb-94d0-9af44b779209,history.deals,premium,72.6,72.6,high,low,7,dynadot,,,28/09/2026 17:27
fc7c1afb-1717-4676-8359-cd5a24753127,studies.wine,available,8.48,75.98,high,low,7,namecheap,,,16/09/2026 11:06
c94a72ac-1adf-4cd4-a3dc-d27e3fbea237,philosophy.menu,available,27.99,27.99,high,low,10,namesilo,,,27/09/2026 13:03
3976901e-ca1b-4c2c-99c8-9aea7f6f5b35,history.team,resell,,,high,low,7,Squarespace Domains II LLC,04/02/2018 15:06,04/02/2027 15:06,28/09/2026 17:27
3842c2ab-2a00-40d6-8f38-48b75c956336,studies.cruises,available,56.99,56.99,high,low,7,namesilo,,,16/09/2026 11:06
5e44a264-75b7-42c8-999d-c8e54562ef4d,philosophy.build,premium,650,650,high,low,10,namecheap,,,27/09/2026 13:03
67552bcf-3d0d-4b4a-94c8-58b030736f82,philosophy.audio,available,104.99,114.99,high,low,10,namesilo,,,27/09/2026 13:03
8477c482-7782-4054-b890-e51ba12117d9,history.mba,available,17.99,39.99,high,low,7,namesilo,,,28/09/2026 17:27
c25c2026-f45a-4c57-abca-a9d1c5a037eb,studies.ninja,available,15.99,30.99,high,low,7,namesilo,,,16/09/2026 11:06
0a739b79-4ab6-4e00-a47d-1f4812cf9b42,studies.energy,available,15.99,114.99,high,low,7,namesilo,,,16/09/2026 11:06
6b457d30-173b-4987-9eda-db21308f7ea6,history.rodeo,available,12.99,12.99,high,low,7,namesilo,,,28/09/2026 17:27
c1231a60-6685-44db-a673-2b75a5591f19,history.jetzt,available,23.99,23.99,high,low,7,namesilo,,,28/09/2026 17:27
c0679198-8a21-43c8-a61d-fe9993ebc5bf,history.army,available,18.99,39.99,high,low,7,namesilo,,,28/09/2026 17:27
b1928118-a809-4bd4-ab7a-aeaef931ef42,studies.beer,premium,47.2,29.5,high,low,7,namesilo,,,16/09/2026 11:06
4171420d-cd47-4a11-8ec5-70437184eb28,philosophy.car,available,2140.22,2140.22,high,low,10,dynadot,,,27/09/2026 13:03
ce999d90-6cd7-422d-b050-4d6da4565801,philosophy.security,available,1999.99,2049.99,high,low,10,namesilo,,,27/09/2026 13:03
e577e898-3035-4756-b247-2d4dae7324a5,history.credit,premium,200.5,242,high,low,7,unstoppable,,,28/09/2026 17:27
92399ade-0462-4830-a98e-d89f25b71c6c,philosophy.makeup,premium,2600,2600,high,low,10,namecheap,,,27/09/2026 13:03
e2e35854-e967-4a3e-98ed-e64065d1923a,studies.gives,available,14.99,23.99,high,low,7,namesilo,,,16/09/2026 11:06
bdd572dc-dac8-4bf1-ad80-5b87f136f838,history.build,premium,546.35,546.35,high,low,7,porkbun,,,28/09/2026 17:27
38a7ba92-c385-4cbd-a45b-95f77e98b5b8,history.recipes,available,8.5,,high,low,7,unstoppable,,,28/09/2026 17:27
a1f069ea-b044-4181-a616-0f428e49135d,philosophy.degree,premium,,,high,low,10,,,,27/09/2026 13:03
46aeb559-25d2-46c2-ac59-bc3da373cf7a,history.cricket,premium,6500,130,high,low,7,namecheap,,,28/09/2026 17:27
1ac01e84-ee94-428c-8869-9d11d57fa115,philosophy.cam,available,2.98,22.98,high,low,10,namecheap,,,27/09/2026 13:03
048938d7-52a2-4db8-98ff-89db9aaca033,studies.email,available,7.49,30.99,high,low,7,namesilo,,,16/09/2026 11:06
c1e097bb-f90f-4658-83c8-89a852ac00f5,history.gift,available,14.99,14.99,high,low,7,namesilo,,,28/09/2026 17:27
b516a002-5c6f-4f4b-a1ce-7fa0165d67cb,literature.movie,available,40.98,446.98,high,low,10,namecheap,,,24/08/2026 02:03
298b6b51-e337-4ac5-8e5f-56fd23d966e5,studies.network,available,7.99,34.99,high,low,7,namesilo,,,16/09/2026 11:06
e3362e01-cd51-42cb-aebc-b5614a35b3b0,philosophy.science,premium,2587.7,103.7,high,low,10,spaceship,,,27/09/2026 13:03
ce237dea-c109-4807-9c00-0967c48addb7,history.cruises,premium,102.67,102.67,high,low,7,spaceship,,,28/09/2026 17:27
d5fe79b4-74ee-48a2-b182-200fb51d2c0c,philosophy.dog,available,3.5,53.72,high,low,10,dynadot,,,27/09/2026 13:03
22a9c35f-5974-4ee9-9d81-7af1bdb8a457,studies.codes,available,8.99,71.99,high,low,7,namesilo,,,16/09/2026 11:06
989617f4-aa67-4c21-bbe6-0a3ee1598f39,history.tools,resell,,,high,low,7,Dynadot Inc,06/07/2026 17:00,06/07/2027 17:00,28/09/2026 17:27
68141a00-5137-4a85-935d-976a97a81fc4,studies.fashion,premium,242,29.5,high,low,7,namesilo,,,16/09/2026 11:06
e7852c0b-e285-4e11-bd66-e050503186d3,history.run,resell,,,high,low,7,"Sav.com, LLC - 33",28/07/2026 15:15,28/07/2027 15:15,28/09/2026 17:27
2c9f8762-265d-4f87-b19d-edcc54e8c5b6,studies.film,available,65.99,65.99,high,low,7,namesilo,,,16/09/2026 11:06
e9b3787e-d1cb-48a5-b90a-5b6a13daf00e,history.sexy,available,2587.7,2587.7,high,low,7,spaceship,,,28/09/2026 17:27
00589653-2cc8-4a81-8af1-a206fb3b16b9,studies.pictures,available,15.49,15.49,high,low,7,namesilo,,,16/09/2026 11:06
205d3b67-423e-4629-9c91-ececd9bdc6cd,history.soy,premium,159.2,,high,low,7,unstoppable,,,28/09/2026 17:27
7fd00599-f19e-4eaf-9849-b71536cdea39,philosophy.vana,available,2060.25,2060.25,high,low,10,porkbun,,,27/09/2026 13:03
11641b2d-61c0-43af-9f25-a9a4ecabc853,history.guitars,available,108.98,159.98,high,low,7,namecheap,,,28/09/2026 17:27
9a087337-3d9b-4701-ab81-30ad029dbc2e,history.navy,available,32.2,32.2,high,low,7,cloudflare,,,28/09/2026 17:27
eb37ce21-62de-462c-b938-21dc5dfaa38f,philosophy.soccer,available,20.9,20.9,high,low,10,spaceship,,,27/09/2026 13:03
53dc54a5-1e38-4c7d-bb75-4460a75f4ac8,studies.garden,available,2.19,32.49,high,low,7,namesilo,,,16/09/2026 11:06
53bf5ebd-915d-47b1-9178-0e87707f8446,studies.mobile,premium,780,780,high,low,7,namecheap,,,16/09/2026 11:06
772a4e05-3f64-4d80-bec6-c6e5b5f5bd15,studies.desi,available,19.98,22.98,high,low,7,namecheap,,,16/09/2026 11:06
a5b54f4a-b26a-4de2-b65b-680b0d082293,history.florist,available,32.99,32.99,high,low,7,namesilo,,,28/09/2026 17:27
a314cf3b-0565-4ee6-bd60-408b5046e0cc,philosophy.app,resell,,,high,low,10,,,,27/09/2026 13:03
266910bb-babd-442b-8ce4-066a67067a0e,studies.events,available,10.48,57.98,high,low,7,namecheap,,,16/09/2026 11:06
77f029e5-fe85-4c82-a38f-4af572687bb2,literature.cat,available,26.98,38.98,high,low,10,namecheap,,,24/08/2026 02:03
e794934c-201a-4568-b37e-c88b4b642286,philosophy.study,premium,5500,5500,high,low,10,dynadot,,,27/09/2026 13:03
49042ee0-e6e3-48c3-960c-f25ca84a5b22,literature.mov,premium,73.75,73.75,high,low,10,name.com,,,24/08/2026 02:03
3374eb34-9f0f-4503-84a0-d7bc91803693,studies.rentals,available,10.99,44.49,high,low,7,namesilo,,,16/09/2026 11:06
f9947441-ccf7-495b-b072-96ab378a3d0c,studies.ceo,premium,510.98,510.98,high,low,7,namesilo,,,16/09/2026 11:06
3bee69c6-aa84-43c4-81bb-f9c470821c52,philosophy.hiv,available,184.9,184.9,high,low,10,spaceship,,,27/09/2026 13:03
e0aba970-3b35-40f9-b62e-d6ee203c9d24,history.cab,available,32.99,32.99,high,low,7,namesilo,,,28/09/2026 17:27
62417920-d11f-4731-bf32-13741f082f4c,studies.men,resell,,,high,low,7,"Chengdu West Dimension Digital Technology Co., Ltd.",12/09/2016 08:40,12/09/2027 08:40,26/09/2026 09:21
672a915a-974e-4cca-b81b-efc5629c6977,philosophy.ag,available,89.99,79.99,high,low,10,namesilo,,,27/09/2026 13:03
a90bc7a9-1e97-421b-9cb0-612f6b7b2a62,studies.qpon,available,2.19,11.49,high,low,7,namesilo,,,16/09/2026 11:06
906562bf-5bf5-4a7b-ac08-16a151df65ba,studies.lighting,available,23.99,23.99,high,low,7,namesilo,,,16/09/2026 11:06
a79651f5-e4ca-47ba-a54d-9e9bc884acf6,philosophy.fast,premium,51.95,51.95,high,low,10,spaceship,,,27/09/2026 13:03
ad75543f-d317-4783-aed4-7826630e7fc5,history.pizza,available,5.38,51.95,high,low,7,spaceship,,,28/09/2026 17:27
392dbffa-9248-40d1-8947-5ea6ed4fb1e3,philosophy.trade,premium,382.61,55.11,high,low,10,porkbun,,,27/09/2026 13:03
506b3c28-ec95-4b90-8a48-0e9f44eb57c0,literature.photos,available,8.98,40.98,high,low,10,namecheap,,,24/08/2026 02:03
ceaf26a2-c064-4f71-80f4-312557be3f83,studies.market,premium,242,242,high,low,7,namesilo,,,16/09/2026 11:06
792ad931-c536-4318-8014-d4dce23560c2,philosophy.toys,available,17.99,64.99,high,low,10,namesilo,,,27/09/2026 13:03
e6546afb-e2f7-42b9-b366-1bbfc7db58c6,literature.hiphop,available,23.99,23.99,high,low,10,namesilo,,,24/08/2026 02:03
86572214-f724-4557-96b5-3e3392d65745,philosophy.hair,premium,2660,2660,high,low,10,namesilo,,,27/09/2026 13:03
a032d29b-800e-4bfd-af99-3305b49f9a2d,philosophy.financial,available,15.73,46.78,high,low,10,spaceship,,,27/09/2026 13:03
b004a6d6-5d22-40bb-ac21-8afb028028b7,literature.blog,premium,640,2660,high,low,10,namesilo,,,24/08/2026 02:03
a61e807c-e207-4e86-9e86-bcbadba39f5a,history.taxi,available,8.98,69.98,high,low,7,namecheap,,,28/09/2026 17:27
1f6e4130-f0a1-44e8-9f5b-79744809754c,studies.autos,available,1.99,17.29,high,low,7,namesilo,,,16/09/2026 11:06
a1f41fbd-50d2-4997-bc4f-d2730515a4b8,studies.fishing,available,32.49,32.49,high,low,7,namesilo,,,16/09/2026 11:06
206a0398-065d-47d0-9575-7ff0b97408b6,philosophy.ngo,available,15.2,15.2,high,low,10,cloudflare,,,27/09/2026 13:03
a55f43c0-a4a6-44ba-a2f1-4fe6e05c275d,studies.free,premium,130,130,high,low,7,namecheap,,,16/09/2026 11:06
0b6849a5-8cd1-48df-9eda-9badcda09214,studies.yoga,resell,,,high,low,7,"GoDaddy.com, LLC",26/08/2020 18:46,26/08/2027 18:46,26/09/2026 09:21
8a0cafc5-51c8-4bd2-bc1b-7c8e6ac46983,studies.center,premium,26,26,high,low,7,namecheap,,,16/09/2026 11:06
17e5136d-343c-4fbc-a09f-3451f50691eb,history.theatre,available,509.99,529.99,high,low,7,namesilo,,,28/09/2026 17:27
0cee418f-35c4-4c1e-93e0-ae829c44df6a,philosophy.fail,available,38.99,38.99,high,low,10,namesilo,,,27/09/2026 13:03
a48702f8-dea9-4942-a222-9875f6b01f00,history.salon,available,57.99,57.99,high,low,7,namesilo,,,28/09/2026 17:27
185399e1-c900-4906-8356-12288188422c,philosophy.courses,premium,6900,6900,high,low,10,namesilo,,,27/09/2026 13:03
25e58218-8ede-4642-9ddb-83a3cb86102d,philosophy.diamonds,available,43.67,43.67,high,low,10,spaceship,,,27/09/2026 13:03
d3e4f0d6-93e1-4caf-adf9-b61a86bb4c0d,philosophy.diy,premium,362.45,517.7,high,low,10,spaceship,,,27/09/2026 13:03
ea3dccb6-b305-4838-b169-880e497ae60e,philosophy.archi,available,13.14,83,high,low,10,spaceship,,,27/09/2026 13:03
d686ab16-6474-4783-b218-ec39d66bfffc,philosophy.band,available,20.99,31.49,high,low,10,namesilo,,,27/09/2026 13:03
0621be5d-c36f-40a7-90d2-97ec5c8a6d8a,studies.kiwi,available,31.98,35.68,high,low,7,namecheap,,,16/09/2026 11:06
7859826b-0c03-4ffb-b317-8391dd563bbd,studies.co,premium,650,650,high,low,7,namecheap,,,16/09/2026 11:06
14ebe2ca-2ad8-40e4-ad40-c26dcd780587,literature.mx,available,26.98,58.98,high,low,10,namecheap,,,24/08/2026 02:03
fa6903e1-a600-45b3-b803-2c1aaef807f4,philosophy.healthcare,available,88.99,88.99,high,low,10,namesilo,,,27/09/2026 13:03
b27b7e19-0b77-4267-8d40-b06cf6ff80e2,history.dealer,premium,1604.45,2070.2,high,low,7,spaceship,,,28/09/2026 17:27
f7f72913-e8fd-4626-8acf-f858246c3b40,philosophy.engineer,available,30.2,30.2,high,low,10,cloudflare,,,27/09/2026 13:03
7ab9c24e-439e-4495-83e8-add3eebdd807,history.vana,available,2070.2,2070.2,high,low,7,spaceship,,,28/09/2026 17:27
4dfa6c42-cfa2-4f17-9f5e-3a850e354626,history.industries,available,45.99,45.99,high,low,7,namesilo,,,28/09/2026 17:27
a2e9e2ed-1f1d-46db-8530-ae5983b223be,studies.camera,available,58.99,58.99,high,low,7,namesilo,,,16/09/2026 11:06
dc55f434-7c1d-4d4a-9297-800b1bb48689,history.hospital,available,57.99,57.99,high,low,7,namesilo,,,28/09/2026 17:27
8fa4bf41-eb90-44c4-afc3-dc39915b8a4c,studies.taxi,available,10.99,62.99,high,low,7,namesilo,,,16/09/2026 11:06
abc24d12-a6ac-40f2-a36e-f40f45b00e8e,philosophy.website,premium,,,high,low,10,,,,27/09/2026 13:03
f078ae9f-1747-4c6b-badb-653a8b006e8f,studies.baby,available,17.99,54.99,high,low,7,namesilo,,,16/09/2026 11:06
1fa1206b-5761-4c66-90c9-448e63213bb3,philosophy.haus,available,26.2,26.2,high,low,10,cloudflare,,,27/09/2026 13:03
452c166a-8c1d-4024-96d1-92ea912685d9,philosophy.guru,resell,,,high,low,10,,,,27/09/2026 13:03
c66029c5-a1c4-4965-a66d-2a9a7fd5abd3,history.reviews,premium,102.67,102.67,high,low,7,spaceship,,,28/09/2026 17:27
ec8589be-657b-44ff-adb3-3bb9cfa126e6,literature.today,available,2.98,38.98,high,low,10,namecheap,,,24/08/2026 02:03
a27761eb-b804-42ce-a678-166c2290e07b,studies.moe,available,13.99,13.99,high,low,7,namesilo,,,16/09/2026 11:06
62b17863-dacd-40ca-a524-9a317e66b770,studies.hamburg,available,69.98,73.98,high,low,7,namecheap,,,16/09/2026 11:06
15f47fd9-acf1-4fa3-8ad6-e7d8ecd7f2a0,literature.talk,premium,71.4,71.4,high,low,10,namesilo,,,24/08/2026 02:03
96548e6e-133f-466c-94e3-be8876a2de2b,history.direct,available,13.14,33.32,high,low,7,spaceship,,,28/09/2026 17:27
c95fc9e7-51a3-4ad5-b336-5431bda849c0,studies.stream,available,5.98,9.98,high,low,7,namecheap,,,16/09/2026 11:06
9934767d-83bc-4949-8735-4ba85efa26c9,studies.jewelry,available,64.99,64.99,high,low,7,namesilo,,,16/09/2026 11:06
259a07e8-ae94-4c5d-a10c-e8312fe06471,studies.vote,available,23.98,119.98,high,low,7,namecheap,,,16/09/2026 11:06
fe6b8844-4403-4b59-9674-e534897da916,literature.rocks,premium,78.54,78.54,high,low,10,namesilo,,,24/08/2026 02:03
1847ab72-4edf-436e-b79b-cef9525a1f1b,literature.engineer,available,17.99,56.99,high,low,10,name.com,,,24/08/2026 02:03
ed525f63-224f-4e2f-bc20-a727128b8f31,literature.website,premium,625,1250,high,low,10,name.com,,,24/08/2026 02:03
b63df7e0-920a-48a9-87a0-a397c6b858d5,philosophy.travel,available,27.99,149.99,high,low,10,namesilo,,,27/09/2026 13:03
b6c59e3e-6280-4d32-9775-98bc7cb0437c,literature.sydney,available,44.98,54.98,high,low,10,namecheap,,,24/08/2026 02:03
6acf4075-dd2a-4c4b-9a9e-7f69bf8c0aeb,history.charity,available,6.41,22.39,high,low,7,spaceship,,,28/09/2026 17:27
93fc9b60-e5fc-480d-b621-c1b25ff222dd,studies.kitchen,available,10.99,64.99,high,low,7,namesilo,,,16/09/2026 11:06
5666b361-cecb-431f-9bef-22384cd44bf7,philosophy.reisen,available,16.76,16.76,high,low,10,spaceship,,,27/09/2026 13:03
5093906b-01f8-4f82-b180-ac468b8f3c89,philosophy.rehab,available,29.18,29.18,high,low,10,spaceship,,,27/09/2026 13:03
24121921-32a7-4256-a540-ba60a3813e5c,history.sale,premium,102.67,102.67,high,low,7,spaceship,,,28/09/2026 17:27
0526d841-c3d4-4851-b65c-99bc2ccb797e,history.deal,premium,103.7,103.7,high,low,7,spaceship,,,28/09/2026 17:27
e8e6d0e8-169f-43a2-a776-a628d7e22695,philosophy.photos,available,15.99,29.99,high,low,10,namesilo,,,27/09/2026 13:03
1f5d8554-6f3e-4dba-89a1-f84e73a26422,history.reisen,available,3.99,20.99,high,low,7,namesilo,,,28/09/2026 17:27
6cc5b6c2-b731-4b9b-97a8-6468e2ef09ca,philosophy.tel,premium,10.62,10.62,high,low,10,namesilo,,,27/09/2026 13:03
0c0ddc1d-5198-4d00-b23f-3843370ead60,studies.makeup,available,1.99,17.29,high,low,7,namesilo,,,16/09/2026 11:06
35aa7d96-ae4f-4056-a61d-aa64daf5644f,history.today,resell,,,high,low,7,"Chengdu West Dimension Digital Technology Co., Ltd.",16/09/2018 09:42,16/09/2030 09:42,28/09/2026 17:27
20cee452-82ec-4ddc-b3c5-7bb67f5f2fd7,literature.sh,available,34.98,76.98,high,low,10,namecheap,,,24/08/2026 02:03
2f3580f2-8952-429d-b6bc-41f3432982dd,studies.blog,premium,160,640,high,low,7,namesilo,,,16/09/2026 11:06
6d2d403c-67a6-445a-ac8f-6fcd3d8de3db,philosophy.surgery,available,43.67,43.67,high,low,10,spaceship,,,27/09/2026 13:03
822bfc1b-1587-4cef-925c-e3d74c32626d,studies.bike,available,12.99,38.99,high,low,7,namesilo,,,16/09/2026 11:06
a652cebe-d3dc-4ff9-8854-fb2e263513c9,philosophy.voyage,available,61.98,73.98,high,low,10,namecheap,,,27/09/2026 13:03
5b82aae8-d885-48a8-89c1-f625a4bfd198,history.ceo,premium,413.37,413.37,high,low,7,spaceship,,,28/09/2026 17:27
02feb37c-3270-4d19-9ebc-1c84007eba13,studies.cleaning,available,75.49,75.49,high,low,7,namesilo,,,16/09/2026 11:06
63fc5472-d1f5-4175-ac5c-3ee002ca37aa,literature.hockey,available,14.99,77.99,high,low,10,name.com,,,24/08/2026 02:03
9770b1e1-6f50-4c7e-8947-49967af5dfb1,studies.world,resell,,,high,low,7,Squarespace Domains II LLC,18/04/2022 13:15,18/04/2027 13:15,26/09/2026 09:21
5112b438-428d-4867-ab12-34e2274932f7,studies.gift,available,14.99,14.99,high,low,7,namesilo,,,16/09/2026 11:06
b3947eba-3b0c-4cbb-801d-4178861a9f0b,philosophy.network,resell,,,high,low,10,,,,27/09/2026 13:03
19b9fabf-9bfe-4898-b165-6247b3a8086a,philosophy.dealer,premium,,,high,low,10,,,,27/09/2026 13:03
e1619169-24be-421d-ae1a-2a25f1849ad9,literature.cyou,premium,68.43,147.2,high,low,10,namesilo,,,24/08/2026 02:03
7f064e07-1960-48b7-a69d-dcb743b0606a,literature.ac,available,28.98,76.98,high,low,10,namecheap,,,24/08/2026 02:03
4ad9d2dd-4274-4ebb-9ac5-d68aab1a6e7a,history.media,resell,,,high,low,7,"Sav.com, LLC - 21",20/09/2026 15:15,20/09/2027 15:15,28/09/2026 17:27
00a8a926-393b-4bcc-bfba-aec2eda82a00,philosophy.page,premium,30.22,30.22,high,low,10,spaceship,,,27/09/2026 13:03
55317c7f-1555-4981-9d26-a84d5f5d55a5,philosophy.cash,available,12.99,38.99,high,low,10,namesilo,,,27/09/2026 13:03
3ed1ad7d-d425-41b4-bf19-1dfbd034898d,philosophy.social,premium,854,854,high,low,10,namesilo,,,27/09/2026 13:03
75ba8afc-0f4c-4c06-a078-30f98e3aecdb,studies.jetzt,available,23.99,23.99,high,low,7,namesilo,,,16/09/2026 11:06
a660d24a-5214-4770-b871-d2f7a2530b7a,studies.computer,available,23.99,38.99,high,low,7,namesilo,,,16/09/2026 11:06
b8775e7a-5f49-4247-a26b-d0b82640ba67,philosophy.theater,available,50.2,50.2,high,low,10,cloudflare,,,27/09/2026 13:03
6c37a3b1-c149-49a9-a558-934475b36942,studies.broker,available,11.98,47.98,high,low,7,namecheap,,,16/09/2026 11:06
bd9006a1-7f9a-44ff-9cb8-97d36a8dbb23,studies.webcam,premium,640,77.35,high,low,7,namesilo,,,16/09/2026 11:06
7395f29b-91c8-441c-a0af-966c5d34aefe,history.download,premium,650,84.5,high,low,7,namecheap,,,28/09/2026 17:27
357a15a3-087e-4dd9-82a3-00b82d63dc0a,history.viajes,available,35.18,35.18,high,low,7,spaceship,,,28/09/2026 17:27
e77e7274-c720-4a51-a298-b37333b3ff4f,studies.nexus,premium,167.7,167.7,high,low,7,namecheap,,,16/09/2026 11:06
ec161501-5dbe-4a10-aff5-4fa49d2f8f0c,studies.pub,available,39.99,39.99,high,low,7,namesilo,,,16/09/2026 11:06
f7a5b4b2-0908-491b-ae90-f5fa6ab5303d,studies.foundation,available,14.99,23.99,high,low,7,namesilo,,,16/09/2026 11:06
70a0de69-049e-4e7d-b7f2-99989b56b7d9,history.wtf,resell,,,high,low,7,"Sav.com, LLC - 11",31/03/2026 15:15,31/03/2027 15:15,28/09/2026 17:27
6322fae2-1dee-415d-8bd3-273ddc7f8940,history.luxe,resell,,,high,low,7,"GoDaddy.com, LLC",05/05/2021 12:16,05/05/2027 12:16,28/09/2026 17:27
27cb2999-e7b7-4038-82c2-5896f8957698,philosophy.cleaning,available,62.28,62.28,high,low,10,dynadot,,,27/09/2026 13:03
2bddcbf3-0ec6-4ea9-934c-b69ad0ee5727,philosophy.you,premium,53.92,53.92,high,low,10,namesilo,,,27/09/2026 13:03
43182674-90a9-4db1-905f-ed7a5a172836,literature.vin,available,6.98,75.98,high,low,10,namecheap,,,24/08/2026 02:03
9911d4ae-2de0-4b1f-b6c4-cad89b8b7621,philosophy.blue,available,19.99,24.99,high,low,10,namesilo,,,27/09/2026 13:03
3fa301f2-892f-4bd0-a237-1af0e84112b6,studies.lgbt,premium,78.54,78.54,high,low,7,namesilo,,,16/09/2026 11:06
80de1c16-740f-408a-b20d-d4b181fcda6c,history.attorney,premium,242,242,high,low,7,namesilo,,,28/09/2026 17:27
fc9a57a5-499b-41f4-909e-ce42f423c4d9,studies.money,available,16.99,35.99,high,low,7,namesilo,,,16/09/2026 11:06
dce8c3b8-084c-49d9-bf97-c3eb34b1baf4,literature.build,premium,1875,1875,high,low,10,name.com,,,24/08/2026 02:03
88499492-2414-434b-b059-290a63c9069b,literature.me,resell,,,high,low,10,"GoDaddy.com, LLC",17/07/2008 21:49,17/07/2027 21:49,26/09/2026 07:16
f1138c87-239a-4148-8954-b8e9055def15,history.foo,premium,257.92,257.92,high,low,7,spaceship,,,28/09/2026 17:27
d2d175f3-3721-40dc-a86a-4eca123f5520,literature.contractors,available,9.99,45.99,high,low,10,name.com,,,24/08/2026 02:03
dccceabd-6fe2-42c9-9f95-cfeb73268bd0,studies.promo,available,14.49,24.99,high,low,7,namesilo,,,16/09/2026 11:06
c06243f8-ffa3-4960-8fde-ae0a16c0e53c,history.glass,available,58.16,58.16,high,low,7,spaceship,,,28/09/2026 17:27
939171d1-45b0-478b-b594-e8835e54c416,studies.golf,available,7.49,64.99,high,low,7,namesilo,,,16/09/2026 11:06
2eab3576-0ddd-45c6-9122-020fb911942d,philosophy.army,available,15.73,31.25,high,low,10,spaceship,,,27/09/2026 13:03
1c85722b-9440-49bf-9816-68f072976149,philosophy.fun,premium,682.81,2729.67,high,low,10,porkbun,,,27/09/2026 13:03
7f5efd53-d769-420d-8722-80a3b53fa912,philosophy.codes,available,55.2,55.2,high,low,10,cloudflare,,,27/09/2026 13:03
218fcffa-80e6-4ba1-8d46-3c6f0728f0c4,studies.vc,available,32.98,41.98,high,low,7,namecheap,,,16/09/2026 11:06
5871e98e-a4b4-443d-a684-60eaa296fcdd,philosophy.vision,available,45.99,45.99,high,low,10,namesilo,,,27/09/2026 13:03
c633bf6a-6ff4-4a59-9ab8-5003c745f49b,studies.vacations,available,38.99,38.99,high,low,7,namesilo,,,16/09/2026 11:06
84a2de24-373b-4336-b157-2131db8dfb0d,literature.game,available,309.99,329.99,high,low,10,namesilo,,,24/08/2026 02:03
c0929e49-d5b6-48d3-885e-4b9373795086,history.hosting,available,279.65,341.75,high,low,7,spaceship,,,28/09/2026 17:27
4784e10b-e373-44b2-89dc-a00c9c15c7e4,philosophy.schule,available,22.2,22.2,high,low,10,cloudflare,,,27/09/2026 13:03
ca589b62-26ea-4eb1-9b9d-069d887da882,literature.beer,available,1.98,43.98,high,low,10,namecheap,,,24/08/2026 02:03
4e643b14-77a9-4d85-af4c-965ba7b197d8,philosophy.lease,available,56.99,56.99,high,low,10,namesilo,,,27/09/2026 13:03
ae493a17-2bca-4da5-b7ef-063423754dbd,philosophy.click,premium,116,116,high,low,10,namesilo,,,27/09/2026 13:03
97ec66d0-57f1-48ac-a06d-f772bc50c990,studies.bond,premium,68.43,147.2,high,low,7,namesilo,,,16/09/2026 11:06
e7ee6b3a-6823-4354-808c-9eb82f43ed30,philosophy.agency,resell,,,high,low,10,,,,27/09/2026 13:03
95460f9a-2d6b-4295-a24c-70b4ec335bd7,studies.technology,available,12.99,28.49,high,low,7,namesilo,,,16/09/2026 11:06
ad1a1ac6-8b5f-4b52-a4d6-ac7e1d0c1f89,philosophy.services,available,30.2,30.2,high,low,10,cloudflare,,,27/09/2026 13:03
54faacc5-1946-4e23-99c7-4d930f542fa1,studies.family,premium,71.4,71.4,high,low,7,namesilo,,,16/09/2026 11:06
4615a33e-d89c-4871-b368-39f88ba2594d,studies.bz,available,21.98,26.98,high,low,7,namecheap,,,16/09/2026 11:06
85e62276-cb20-4c79-af9a-6a5cccd097f9,history.tennis,available,51.95,51.95,high,low,7,spaceship,,,28/09/2026 17:27
b59cb659-c649-43aa-99da-6dbcdcd3de5c,studies.fyi,premium,17.7,17.7,high,low,7,namesilo,,,16/09/2026 11:06
25ad231f-a600-48af-8f4d-df957ea09d0a,history.stream,premium,362.45,51.95,high,low,7,spaceship,,,28/09/2026 17:27
11a8d785-edab-448a-a128-b329057eee8b,philosophy.art,premium,348.17,76.94,high,low,10,porkbun,,,27/09/2026 13:03
d864f0da-b07a-4d71-81ab-9bed587b86a8,studies.dad,premium,323.7,323.7,high,low,7,namecheap,,,16/09/2026 11:06
1a7669b0-3be8-426e-b8ab-8358f1c5ef4e,philosophy.cab,available,12.87,26.26,high,low,10,porkbun,,,27/09/2026 13:03
125330b8-0a97-4df0-bf41-7419e47ace2f,studies.charity,available,14.99,23.99,high,low,7,namesilo,,,16/09/2026 11:06
8bfea483-ccc1-499e-8ba4-bc1ad76455e8,philosophy.rsvp,premium,30.22,30.22,high,low,10,spaceship,,,27/09/2026 13:03
72023b07-a520-4070-a5c3-7faa57e7b6e3,studies.glass,available,72.99,72.99,high,low,7,namesilo,,,16/09/2026 11:06
974d64ad-4faf-476c-95c0-4ad05dbd2d4f,history.kim,available,5.38,18.83,high,low,7,spaceship,,,28/09/2026 17:27
3e41fc5c-2b23-4bdc-8f41-947b7472fd03,studies.insure,available,72.99,72.99,high,low,7,namesilo,,,16/09/2026 11:06
51b896dc-f6f5-45e4-8e7f-cf5103ad7157,studies.sbs,premium,74.75,149.5,high,low,7,namecheap,,,16/09/2026 11:06
0d8b2f1d-b3e8-4ba5-8070-522e5a9bd350,philosophy.berlin,available,54.91,54.91,high,low,10,dynadot,,,27/09/2026 13:03
022b92c8-f97e-46e2-805d-edc7eab2976f,history.berlin,available,79.98,89.98,high,low,7,namecheap,,,28/09/2026 17:27
7c634014-2e20-4dd5-99c7-fd635c5e47c0,philosophy.vote,available,34.99,90.99,high,low,10,namesilo,,,27/09/2026 13:03
02bdd092-200e-4793-92f8-26027dcac6d1,arts.expert,premium,828.2,828.2,high,low,4,spaceship,,,28/09/2026 04:29
d241e06a-9a4f-44fb-aa48-db8f7d3d44eb,history.lgbt,premium,3750,,high,low,7,name.com,,,28/09/2026 17:27
9f6f5547-6a76-4d5e-b47c-73780f168ade,philosophy.restaurant,available,13.06,53.72,high,low,10,dynadot,,,27/09/2026 13:03
fcf4b441-cb7a-49d9-adc3-b9c45899d699,philosophy.vin,available,8.99,59.99,high,low,10,namesilo,,,27/09/2026 13:03
ef9d9119-7740-46ec-8736-15b776fe35fe,studies.guitars,available,104.99,114.99,high,low,7,namesilo,,,16/09/2026 11:06
64aad40a-f93a-41e4-aa05-834c8e66239b,history.ngo,available,15.2,15.2,high,low,7,cloudflare,,,28/09/2026 17:27
5cea8e65-d38a-4a26-9dfc-eb0410f72fc2,philosophy.tools,available,7.45,29.18,high,low,10,spaceship,,,27/09/2026 13:03
198e6f48-a7dd-484b-a45d-e37c68493dca,philosophy.actor,available,8.48,35.39,high,low,10,spaceship,,,27/09/2026 13:03
2e8a1c78-bad1-4338-b88d-94407cbdaa00,philosophy.family,premium,118.8,118.8,high,low,10,namesilo,,,27/09/2026 13:03
b5af22cf-5bd9-4b77-8c0d-443c6f1dc92e,studies.tienda,available,59.99,59.99,high,low,7,namesilo,,,16/09/2026 11:06
279dc5d8-0a38-47ae-bcee-71202cd947c7,literature.monster,available,1.8,19.98,high,low,10,namecheap,,,24/08/2026 02:03
f4dc1ab1-f150-465a-9859-a03ae9a1f648,studies.boston,available,23.49,23.49,high,low,7,namesilo,,,16/09/2026 11:06
94416aca-99b5-4ec5-8d31-752d0202320c,literature.kiwi,available,31.98,35.68,high,low,10,namecheap,,,24/08/2026 02:03
e86dc368-b29f-4445-8bd5-24431e329c0b,history.jewelry,available,10.81,52.01,high,low,7,porkbun,,,28/09/2026 17:27
f350beb3-fdac-4879-b9a6-c3488ec9b2b4,studies.news,available,8.98,41.48,high,low,7,namecheap,,,16/09/2026 11:06
3133a005-217c-4362-8c75-a4ba20dc051e,studies.auto,available,1999.99,2199,high,low,7,namesilo,,,16/09/2026 11:06
511a031c-8517-4145-8458-66efe0541820,studies.blue,available,19.99,24.99,high,low,7,namesilo,,,16/09/2026 11:06
8b0d655b-515d-4900-ae58-a72deb5aa061,philosophy.film,premium,116,116,high,low,10,namesilo,,,27/09/2026 13:03
9ceaa525-98c3-4bc1-87b6-3d4ef97c69ea,studies.democrat,available,7.25,32.99,high,low,7,namesilo,,,16/09/2026 11:06
de5fed21-b052-4456-a066-59df7e1a4a90,studies.training,available,15.99,41.99,high,low,7,namesilo,,,16/09/2026 11:06
22ae840e-a297-4b14-9f90-26312cae3927,literature.tattoo,available,2.98,48.98,high,low,10,namecheap,,,24/08/2026 02:03
33a843c0-8036-483f-8025-8d0763afdf1d,philosophy.casino,available,14.99,159.99,high,low,10,namesilo,,,27/09/2026 13:03
bac4b806-3936-422f-9f7e-e6277737a7f9,philosophy.doctor,available,5.38,93.35,high,low,10,spaceship,,,27/09/2026 13:03
db00b89e-6dd1-4db6-bbd9-2e7c64086351,arts.phd,premium,843.7,843.7,high,low,4,namecheap,,,28/09/2026 04:29
b6a0f06f-f663-4b27-9c46-7e26617f493d,language.irish,available,7.49,22.49,high,low,8,namesilo,,,25/09/2026 15:54
c62bdd5f-4b6f-41aa-826b-5e974d51983f,literature.vana,available,2298,2498,high,low,10,namecheap,,,24/08/2026 02:03
20dd0afb-b1c8-42f9-8b90-5ea08c782217,philosophy.kitchen,available,10.99,64.99,high,low,10,namesilo,,,27/09/2026 13:03
b1e82a5a-4bf8-49e4-b3d2-0d3d8bf6313a,history.day,premium,516.67,516.67,high,low,7,spaceship,,,28/09/2026 17:27
b271891f-bd44-43f7-aa62-a2af71eca04c,history.creditcard,available,156.98,168.98,high,low,7,namecheap,,,28/09/2026 17:27
b98ad134-c5cf-4abf-8354-7b5ac8f12868,history.shoes,available,64.99,64.99,high,low,7,namesilo,,,28/09/2026 17:27
21065178-6d9f-45a0-9843-6000ba049bf3,literature.page,premium,70.21,70.21,high,low,10,namesilo,,,24/08/2026 02:03
addfeb98-621b-4c20-ac93-c23cece3cee9,philosophy.london,available,31.99,31.99,high,low,10,namesilo,,,27/09/2026 13:03
aaf4c3e2-3526-4dbe-b784-79af9736614a,studies.holdings,available,64.99,64.99,high,low,7,namesilo,,,16/09/2026 11:06
b6191ed0-8ba8-4c9d-a67f-5ea655c35d85,studies.lease,available,56.99,56.99,high,low,7,namesilo,,,16/09/2026 11:06
8bc2beee-1e19-4d04-8252-73c175209313,studies.best,premium,96.94,96.94,high,low,7,namesilo,,,16/09/2026 11:06
d1cf610b-fbd4-4acc-bfaf-a2f5bd2568ac,studies.futbol,available,7.49,17.99,high,low,7,namesilo,,,16/09/2026 11:06
966aee69-6e2d-4f2a-993b-e1e78ea507ba,history.dental,available,62.3,62.3,high,low,7,spaceship,,,28/09/2026 17:27
7c466f6a-6175-4a2a-a6a7-04928d1b366a,studies.fitness,available,3.48,54.98,high,low,7,namecheap,,,16/09/2026 11:06
666444a6-ef09-46ce-b751-997993036df8,literature.rodeo,available,12.99,12.99,high,low,10,namesilo,,,24/08/2026 02:03
db51149a-10ec-4bc2-86c2-d93298c4a498,history.coffee,available,16.99,42.99,high,low,7,namesilo,,,28/09/2026 17:27
fb8d9ecb-9455-49f3-b401-77a5b19fbbee,studies.green,available,11.98,102.98,high,low,7,namecheap,,,16/09/2026 11:06
e7ed0d17-45c8-4ea2-b29e-4ac2a2df8f95,studies.game,available,309.99,429.99,high,low,7,namesilo,,,16/09/2026 11:06
d214fa12-8387-4232-9c39-79a4da01193a,studies.cc,resell,,,high,low,7,Xin Net Technology Corporation,07/02/2025 09:03,07/02/2028 09:03,26/09/2026 09:21
0bb53e0e-092d-4567-bfb7-4e815dddfc44,history.trading,available,16.76,16.76,high,low,7,spaceship,,,28/09/2026 17:27
a90a09cd-5c8d-4dcb-961e-9ac952d1c8b6,literature.training,available,8.98,53.98,high,low,10,namecheap,,,24/08/2026 02:03
cfa6da25-5eea-4e44-b4de-e341ad107f68,history.dating,available,20.99,64.99,high,low,7,namesilo,,,28/09/2026 17:27
d714de63-d799-4abb-afcc-67dad7875746,literature.bingo,available,14.99,77.99,high,low,10,name.com,,,24/08/2026 02:03
85ba547d-de83-49f4-9703-d3ab5940cc72,history.llc,premium,1107,1107,high,low,7,namesilo,,,28/09/2026 17:27
84015f29-812f-46fc-982d-74af126799d3,philosophy.help,premium,72.65,103.7,high,low,10,spaceship,,,27/09/2026 13:03
7248cf70-9ac4-470c-b743-8021734ce466,studies.vision,available,45.99,45.99,high,low,7,namesilo,,,16/09/2026 11:06
83e1a36a-83c8-4588-b0bd-90bc66928df1,philosophy.apartments,available,45.74,45.74,high,low,10,spaceship,,,27/09/2026 13:03
9cc6019f-a37d-4085-ac06-ec25637ac4da,literature.chat,resell,,,high,low,10,Dynadot Inc,12/06/2026 07:05,12/06/2027 07:05,26/09/2026 07:16
4cc4a964-b37c-4a39-8907-38a1b749f7bf,philosophy.win,premium,455,65,high,low,10,namecheap,,,27/09/2026 13:03
454f14bb-54d2-4e53-b303-af967386f2cc,studies.voyage,available,58.99,58.99,high,low,7,namesilo,,,16/09/2026 11:06
e057914b-49e0-4a04-882f-d2b8f50d647b,history.melbourne,available,58,58,high,low,7,namesilo,,,28/09/2026 17:27
4c071588-7d98-47c2-a490-332333720f6a,philosophy.forsale,premium,108.9,108.9,high,low,10,dynadot,,,27/09/2026 13:03
472f1ea3-3804-4034-8641-99aeb8d3f347,studies.tattoo,available,34.99,34.99,high,low,7,namesilo,,,16/09/2026 11:06
029c2444-4db1-4f30-8b6b-fd344ae248ad,history.foundation,premium,38.94,38.94,high,low,7,namesilo,,,28/09/2026 17:27
e862af63-6773-42a3-93ef-1760d6949b28,studies.ski,available,27.99,64.99,high,low,7,namesilo,,,16/09/2026 11:06
6fd9821a-2739-4c47-b607-0aa2933a7264,literature.kitchen,available,8.98,83.98,high,low,10,namecheap,,,24/08/2026 02:03
14abf2a9-27c7-4ec4-865e-39ebcb61a703,studies.bot,resell,,,high,low,7,"Spaceship, Inc.",21/05/2025 13:05,21/05/2027 13:05,26/09/2026 09:21
f9e0fb25-8a31-488f-978e-897a11f092b5,studies.social,premium,260,260,high,low,7,namecheap,,,16/09/2026 11:06
bffb199e-65b8-4bb0-bd53-948163dd5e38,studies.barcelona,available,38.98,38.98,high,low,7,namecheap,,,16/09/2026 11:06
081538f7-97d4-4b6e-964d-c238b6ca61f1,history.rentals,premium,102.67,102.67,high,low,7,spaceship,,,28/09/2026 17:27
9cf87e01-372b-4fb2-8721-5e11388be60b,philosophy.computer,available,30.2,30.2,high,low,10,cloudflare,,,27/09/2026 13:03
2d2dc593-0ec0-4e47-aec5-a8b0163da523,philosophy.qpon,available,3.49,9.72,high,low,10,dynadot,,,27/09/2026 13:03
919b299a-76bc-48f7-b41c-f9d249eba646,philosophy.download,premium,640,77.35,high,low,10,namesilo,,,27/09/2026 13:03
618e0fb3-c610-462d-b78b-a811aea1dd63,philosophy.bid,premium,640,77.35,high,low,10,namesilo,,,27/09/2026 13:03
43aa9608-09f9-4d7e-a446-2f0d5a2d6fb2,literature.careers,available,28.98,89.98,high,low,10,namecheap,,,24/08/2026 02:03
a05cbe59-82dc-49e4-8dde-323b1561dc45,studies.video,available,14.99,36.49,high,low,7,namesilo,,,16/09/2026 11:06
7166c2e2-45ea-417a-8873-03849ccc4fe0,philosophy.online,premium,1107,1107,high,low,10,namesilo,,,27/09/2026 13:03
4e45ad33-86bb-47af-88cd-8a8f6b994c3c,philosophy.storage,available,509.99,529.99,high,low,10,namesilo,,,27/09/2026 13:03
e1e154b9-295e-4192-8d2b-74ba4c5017c3,history.wine,premium,242,242,high,low,7,namesilo,,,28/09/2026 17:27
b1c39578-dbd7-4d70-9477-17a4658fcc50,studies.farm,available,15.99,38.99,high,low,7,namesilo,,,16/09/2026 11:06
0d240ad0-1bc3-42dc-8451-5ca221791831,philosophy.cruises,available,8.24,46.23,high,low,10,dynadot,,,27/09/2026 13:03
5f3d612f-5bf5-41e8-ab02-1da6daef7ddf,philosophy.expert,available,10.99,62.49,high,low,10,namesilo,,,27/09/2026 13:03
caf97fbf-b470-4118-9786-cfed42d6f7e2,literature.locker,premium,58.72,8.8,high,low,10,namesilo,,,24/08/2026 02:03
28a98394-c2fc-4351-83ff-52e607e2f1a4,philosophy.enterprises,available,8.48,28.15,high,low,10,spaceship,,,27/09/2026 13:03
3d349454-97fc-4645-a787-8415ff4be159,literature.voto,available,11.98,86.98,high,low,10,namecheap,,,24/08/2026 02:03
0a2d37c0-a4dd-42b1-a4eb-25f15fc8102b,philosophy.maison,available,13.59,47.3,high,low,10,dynadot,,,27/09/2026 13:03
84bd3841-2e6d-402d-a952-0ec16acb9983,literature.maison,available,24.99,83.99,high,low,10,name.com,,,24/08/2026 02:03
0b3bfce5-d7a2-474e-893d-690829dd21cd,studies.church,available,14.99,58.99,high,low,7,namesilo,,,16/09/2026 11:06
21bc6ee8-b3ad-4b44-b9df-de9b7a071ce1,literature.legal,available,9.99,92.99,high,low,10,name.com,,,24/08/2026 02:03
a58b4f32-0ea6-451c-a487-64b0d2026865,literature.dance,available,10.48,36.98,high,low,10,namecheap,,,24/08/2026 02:03
d91f9165-5d29-412f-8bd6-7b219808d684,philosophy.moi,available,25.99,25.99,high,low,10,namesilo,,,27/09/2026 13:03
1a08c0e6-97f9-4281-8904-181a1ca849c2,studies.delivery,available,6.75,61.99,high,low,7,namesilo,,,16/09/2026 11:06
889d63fc-b898-4563-acdb-c929a4036a01,studies.town,available,8.99,36.49,high,low,7,namesilo,,,16/09/2026 11:06
eb6e2b8c-775e-437c-88e6-e3964267fe88,philosophy.paris,available,66.98,66.98,high,low,10,namecheap,,,27/09/2026 13:03
4d8280b5-9e97-47cc-a4e8-5dc067a4aadf,history.you,premium,517.7,517.7,high,low,7,spaceship,,,28/09/2026 17:27
2e6cfb6c-2158-4457-ab2c-acbcd9a7a1c2,studies.marketing,available,8.99,41.99,high,low,7,namesilo,,,16/09/2026 11:06
5b9a5524-a89b-4019-b372-13f07376cdeb,history.ing,premium,845,845,high,low,7,namecheap,,,28/09/2026 17:27
4032520f-0059-44bc-85a0-0fa593de4ca9,literature.contact,available,13.98,16.78,high,low,10,namecheap,,,24/08/2026 02:03
cd5522cd-f48e-4e7b-a1c0-30aa2f4ff738,history.top,premium,3127.68,4.21,high,low,7,spaceship,,,28/09/2026 17:27
ee6b8aab-76f3-4545-b2f3-26ce5ae737a7,history.plumbing,available,72.99,72.99,high,low,7,namesilo,,,28/09/2026 17:27
000afd34-a48a-4875-8653-741af4ee38ca,anthropology.study,premium,5175.2,5175.2,high,low,12,spaceship,,,29/09/2026 16:22
2d19d7c4-7a0e-426d-ae4c-9d1dd9a09b05,literature.ai,resell,,,high,low,10,"NameCheap, Inc.",14/04/2020 01:13,14/04/2028 01:13,26/09/2026 07:16
c634fc27-dad5-44e0-bf3a-05c3157c7f68,philosophy.holdings,available,50.2,50.2,high,low,10,cloudflare,,,27/09/2026 13:03
b843620b-cc4e-4051-a45d-f5cbebbf4954,studies.sydney,available,58,58,high,low,7,namesilo,,,16/09/2026 11:06
33876ecc-0688-4c95-954e-0c080123fae2,philosophy.mx,available,39.99,43.99,high,low,10,namesilo,,,27/09/2026 13:03
3e8bcb07-0f2f-4a19-a1ae-ca1fcf3a874a,literature.moi,available,25.99,25.99,high,low,10,namesilo,,,24/08/2026 02:03
23cdd966-263c-4e8a-8e01-ed2cd7a9057f,philosophy.bio,available,5.66,58.19,high,low,10,porkbun,,,27/09/2026 13:03
04a86b6f-a525-4798-bf03-c2c1d5ef1f08,literature.gratis,available,23.99,23.99,high,low,10,namesilo,,,24/08/2026 02:03
d1625ada-313d-4ce8-9640-69aa5b4a9d87,literature.new,available,488.98,601.98,high,low,10,namecheap,,,24/08/2026 02:03
094eb512-26af-44d4-ba5d-d365363ce144,literature.productions,available,6.48,50.98,high,low,10,namecheap,,,24/08/2026 02:03
03a23a12-b448-45a2-a0de-3b578b3943d3,literature.cool,available,5.98,50.98,high,low,10,namecheap,,,24/08/2026 02:03
b3f65fa6-fffe-42cb-a2aa-0088387565c1,literature.courses,premium,6900,6900,high,low,10,namesilo,,,27/09/2026 06:42
0c945147-1893-4902-a52a-f0df2f4ff1f4,literature.top,premium,266.5,266.5,high,low,10,namesilo,,,24/08/2026 02:03
3fee3602-7f3c-463f-9737-93ca4f2d913d,literature.gripe,available,6.98,8.98,high,low,10,namecheap,,,24/08/2026 02:03
eef28682-da14-42a6-a7a3-e675152eadad,culture.school,resell,,,high,medium,7,"Chengdu West Dimension Digital Technology Co., Ltd.",27/02/2017 05:30,27/02/2027 05:30,29/09/2026 12:04
8068f8b2-3490-4b39-9c8b-d2c7ebec40c6,arts.site,premium,3450,3450,high,low,4,namesilo,,,28/09/2026 04:29
4194694a-ffe8-4d83-ab57-a3c4c5443591,studies.srl,premium,54.28,30.68,high,low,7,namesilo,,,16/09/2026 11:06
a0d62a22-3f65-46bc-93e2-c376ec4a73ca,history.construction,available,31.25,31.25,high,low,7,spaceship,,,28/09/2026 17:27
853635c2-efed-4e7d-814d-765ca43032bf,art.report,resell,,,high,medium,3,Squarespace Domains II LLC,07/05/2019 05:47,07/05/2027 05:47,29/09/2026 20:37
d5ddc349-743e-4fcd-b590-faa3d85015c0,philosophy.market,available,35.39,35.39,high,low,10,spaceship,,,27/09/2026 13:03
a2c9e93a-0525-42e8-982b-456c1c80b9de,history.villas,available,47.81,47.81,high,low,7,spaceship,,,28/09/2026 17:27
7dfbbf3a-2364-4d77-80a7-debea1cea527,literature.photo,available,29.99,29.99,high,low,10,namesilo,,,24/08/2026 02:03
71bbd604-3126-4634-b9ec-ea8669204df5,writing.schule,available,28.99,28.99,high,low,7,namesilo,,,28/09/2026 23:21
e138d520-bd3f-4e5a-b1d0-394203707e5a,studies.florist,available,32.99,32.99,high,low,7,namesilo,,,16/09/2026 11:06
e8330884-f896-4e3c-b317-ff7eaea3138e,literature.health,available,3.79,77.99,high,low,10,namesilo,,,24/08/2026 02:03
3f80acf6-4a97-42b7-ae19-830568fc54f7,studies.actor,available,16.99,44.49,high,low,7,namesilo,,,16/09/2026 11:06
3c43360b-1366-4239-bf8f-9368ba3054d2,literature.world,resell,,,high,low,10,"Chengdu West Dimension Digital Technology Co., Ltd.",10/03/2018 09:07,10/03/2027 09:07,26/09/2026 07:16
5dbb4cea-0b94-44ae-83d3-d046fd46d09d,studies.theater,available,65.99,65.99,high,low,7,namesilo,,,16/09/2026 11:06
e1e6c9a1-fb0d-4d25-a5c8-d4f610473ef8,studies.foo,premium,167.7,167.7,high,low,7,namecheap,,,16/09/2026 11:06
e3e217ec-ad61-485b-842d-ea379fb993eb,literature.sbs,premium,68.43,147.2,high,low,10,namesilo,,,24/08/2026 02:03
fff2e820-e940-475a-8849-b3d7d80d2258,studies.memorial,available,54.98,64.98,high,low,7,namecheap,,,16/09/2026 11:06
4eb87d88-bfe9-4dab-a71f-d3c733c6e309,history.business,premium,512,512,high,low,7,namesilo,,,28/09/2026 17:27
890bb431-0d3e-4f50-9037-d4e43df01162,philosophy.run,resell,,,high,low,10,,,,27/09/2026 13:03
14e2fc46-927e-46e7-987c-08cf88442df4,literature.esq,premium,115.7,115.7,high,low,10,namecheap,,,27/09/2026 06:56
7547e61d-080d-47b1-9f42-d8d9d02d26e1,arts.prof,premium,649.2,843.7,high,low,4,unstoppable,,,28/09/2026 04:29
bb048080-48ed-4316-97ea-805bfc6c9d15,history.pw,premium,6900,6900,high,low,7,namesilo,,,28/09/2026 17:27
64c8ae80-99bd-44c0-9990-d770551529d3,literature.degree,premium,71.4,71.4,high,low,10,namesilo,,,24/08/2026 02:03
66081efd-56df-4373-9e5b-e352c33118e1,culture.photography,available,13.5,46.48,high,medium,7,unstoppable,,,29/09/2026 12:04
402ae2a0-2b3a-43de-aed3-3f2e35f75b4b,literature.bid,available,5.25,6.25,high,low,10,namesilo,,,24/08/2026 02:03
81e07ca6-dbb1-4a42-a09b-6c9900459ec7,philosophy.hosting,available,279.65,341.75,high,low,10,spaceship,,,27/09/2026 13:03
4f30d97f-6566-40c7-862b-ffd300e514cb,art.black,premium,2070.2,2070.2,high,medium,3,spaceship,,,29/09/2026 20:37
fd08d6d6-4906-4697-8868-3d56933ba6a6,literature.social,premium,118.8,118.8,high,low,10,namesilo,,,24/08/2026 02:03
29674a12-40df-45d1-a8b5-b3f094da8ff8,literature.quest,available,1.8,19.98,high,low,10,namecheap,,,24/08/2026 02:03
bae5e70e-ef7b-4c33-b367-912208bdd5e0,anthropology.irish,available,7.49,22.49,high,low,12,namesilo,,,29/09/2026 16:22
236cb8db-d780-45aa-b89c-35af8b86e48e,literature.reise,available,27.89,97.99,high,low,10,namesilo,,,24/08/2026 02:03
e0cfbfa2-ea97-4f57-8378-705c16166bbb,studies.porn,available,69.98,154.98,high,low,7,namecheap,,,16/09/2026 11:06
cbba769b-4c45-424d-827f-c5706d65f692,literature.solutions,available,5.99,41.99,high,low,10,name.com,,,24/08/2026 02:03
7207b7a9-0a8c-48b0-9e56-9e7c080c570a,philosophy.villas,available,46.2,46.2,high,low,10,cloudflare,,,27/09/2026 13:03
691f89d1-75d6-4377-9f48-8718e26bf03e,studies.watch,available,5.99,44.49,high,low,7,namesilo,,,16/09/2026 11:06
10c1bc73-9c5c-4e5c-b378-bff5a4c0431f,philosophy.exchange,available,12.99,38.99,high,low,10,namesilo,,,27/09/2026 13:03
4633a508-78bd-476a-bb5b-22a08c5b8246,philosophy.poker,available,10.99,67.99,high,low,10,namesilo,,,27/09/2026 13:03
05417df0-b73f-4ec5-ae72-14e4ba8fe7aa,history.boutique,available,5.99,32.99,high,low,7,namesilo,,,28/09/2026 17:27
9b887d29-c9eb-4d1a-b16a-19ae6ce28e10,philosophy.mov,premium,61.27,61.27,high,low,10,spaceship,,,27/09/2026 13:03
74eb4ef4-a45c-4f5b-ac69-e5049390a388,philosophy.me,resell,,,high,low,10,Dynadot Inc,10/07/2008 03:30,10/07/2027 03:30,27/09/2026 13:03
c5fca252-4909-4159-abea-d668147d2872,history.pet,premium,1107,1107,high,low,7,namesilo,,,28/09/2026 17:27
eeef6307-09f8-4667-82dd-fa49593e6511,studies.tennis,available,65.99,65.99,high,low,7,namesilo,,,16/09/2026 11:06
39cd25f0-3007-4723-9692-c0b6997668ec,studies.fast,premium,53.92,53.92,high,low,7,namesilo,,,16/09/2026 11:06
cee68197-741a-4dca-be6e-a1c2381be249,literature.immo,available,34.99,34.99,high,low,10,namesilo,,,27/09/2026 06:49
7dfcb1d6-c3e9-4a85-8b09-68573d026139,history.dog,available,7.49,64.99,high,low,7,namesilo,,,28/09/2026 17:27
17743ad3-5fe5-47d6-bb74-2e2f7322b447,culture.prof,premium,709.01,709.01,high,medium,7,porkbun,,,29/09/2026 12:04
c3e85f4a-debb-42d6-ae18-a08a7e626161,studies.review,premium,3450,116,high,low,7,namesilo,,,16/09/2026 11:06
fcd25ab0-cec7-4263-9fa8-b24c4a591e95,literature.fm,available,69.98,118.98,high,low,10,namecheap,,,24/08/2026 02:03
d5808f03-bdf0-4735-a625-0c90fa09ca45,philosophy.buzz,premium,103.7,51.95,high,low,10,spaceship,,,27/09/2026 13:03
af45c067-04c1-41cf-ba98-beaa054860c2,philosophy.tires,available,5.99,78.99,high,low,10,namesilo,,,27/09/2026 13:03
98648bba-eb10-405b-90ee-1f700fc9c721,philosophy.mortgage,available,65.98,76.98,high,low,10,namecheap,,,27/09/2026 13:03
7c8a34f6-ea5b-4772-af27-4d72b6e5b130,philosophy.yoga,resell,,,high,low,10,,,,27/09/2026 13:03
7980d947-da14-4f9f-a1da-d812c15d82b4,studies.party,available,5.25,6.25,high,low,7,namesilo,,,16/09/2026 11:06
91a168c8-a641-4507-a568-ab6616396fd2,culture.miami,premium,5200,23.4,high,medium,7,namecheap,,,29/09/2026 12:04
c97c4347-982c-41a2-833c-e1b26c63ed15,history.hot,premium,1000.5,1107,high,low,7,unstoppable,,,28/09/2026 17:27
10b0477f-eab5-4842-8609-1dd46fb1262d,literature.sale,premium,118.8,118.8,high,low,10,namesilo,,,24/08/2026 02:03
98589e82-8939-4566-b2fe-9c285d7f3bdd,studies.download,available,5.25,6.25,high,low,7,namesilo,,,16/09/2026 11:06
0087ce59-5758-4265-9021-92a4015e1692,studies.bio,premium,118.8,118.8,high,low,7,namesilo,,,16/09/2026 11:06
9a80e287-7d0f-4afe-bc82-f8a6ba21a766,philosophy.builders,available,35.99,35.99,high,low,10,namesilo,,,27/09/2026 13:03
4686eab8-d697-4189-8d38-42425d9844e7,literature.how,premium,48.75,48.75,high,low,10,name.com,,,24/08/2026 02:03
c9e9283b-19cc-4e7e-915c-8612421f0802,studies.moda,available,43.98,45.98,high,low,7,namecheap,,,16/09/2026 11:06
0a86e54e-c37c-4b09-b74c-79c0eb080eb9,studies.cricket,available,25.98,31.98,high,low,7,namecheap,,,16/09/2026 11:06
44b3dc26-556f-4b82-ad55-8e274fe5592e,literature.fashion,available,32.49,32.49,high,low,10,namesilo,,,24/08/2026 02:03
142dafa6-20e3-4a7a-96fe-478524379c6d,literature.sex,available,69.98,154.98,high,low,10,namecheap,,,24/08/2026 02:03
7d185fab-8aec-4795-9ce8-e2b52d77a9a2,philosophy.bz,available,16.79,16.79,high,low,10,porkbun,,,27/09/2026 13:03
034b477f-a81b-4a0b-a28d-1eebbe22d632,literature.studio,available,14.98,52.98,high,low,10,namecheap,,,24/08/2026 02:03
59558ec6-9a75-44fe-a927-a58d879c76d5,studies.blackfriday,available,114.99,114.99,high,low,7,namesilo,,,16/09/2026 11:06
d21c7800-ed07-45ef-b0c6-1ad9473e0607,studies.biz,premium,53.92,21.24,high,low,7,namesilo,,,16/09/2026 11:06
1010847b-f378-434f-abda-6664ee62e339,studies.theatre,available,509.99,529.99,high,low,7,namesilo,,,16/09/2026 11:06
04778df7-9c11-4409-aae9-d5db4d050cf0,literature.actor,available,9.48,54.98,high,low,10,namecheap,,,24/08/2026 02:03
efeee1df-02f4-44cf-8de9-931626f1336e,literature.house,available,12.98,55.98,high,low,10,namecheap,,,24/08/2026 02:03
efdecde9-ce74-425c-ba4a-a799158dfba9,philosophy.hamburg,available,69.98,73.98,high,low,10,namecheap,,,27/09/2026 13:03
f19affcb-7c51-4096-92bc-142c023553c9,literature.wine,available,8.48,75.98,high,low,10,namecheap,,,24/08/2026 02:03
a11073e2-4f35-4143-8d32-b616113614bb,studies.shopping,available,26.99,26.99,high,low,7,namesilo,,,16/09/2026 11:06
2f300765-f46c-4a47-9018-859ff7b3a448,history.catering,available,38.99,38.99,high,low,7,namesilo,,,28/09/2026 17:27
b260b6f4-462c-48e5-bcac-eba1886473f2,studies.reviews,available,62.99,62.99,high,low,7,namesilo,,,16/09/2026 11:06
a7bc196f-cb04-4acd-826f-6088ad93df7a,philosophy.bike,available,12.99,38.99,high,low,10,namesilo,,,27/09/2026 13:03
f769e7e8-cd63-473e-a4a1-86e61d1154b0,philosophy.cooking,available,32.49,32.49,high,low,10,namesilo,,,27/09/2026 13:03
bde0152d-cd7d-4432-9cdb-55efe9fd3e30,philosophy.recipes,available,8.99,77.99,high,low,10,namesilo,,,27/09/2026 13:03
2db462a0-7cba-451f-b8b1-a6c89e2c6423,arts.study,premium,5500,5500,high,low,4,dynadot,,,28/09/2026 04:29
fc4fcb1b-fbf6-4f40-9f92-4abddf15d0f2,philosophy.cheap,available,28.2,28.2,high,low,10,cloudflare,,,27/09/2026 13:03
2044267d-4e28-44fc-8bd0-56b3e27486ed,literature.promo,premium,1107,1107,high,low,10,namesilo,,,24/08/2026 02:03
8569df32-b2d3-45ea-84ff-39d6e6c299d3,studies.beauty,available,1.99,17.29,high,low,7,namesilo,,,16/09/2026 11:06
91054b73-c0ee-4a5c-997d-cf5179097081,studies.travel,available,27.99,149.99,high,low,7,namesilo,,,16/09/2026 11:06
ccae0778-5b40-427f-b0d4-66b44169f7c7,history.photos,resell,,,high,low,7,,,,28/09/2026 17:27
18734168-fd37-49a2-ae2e-5a9fa3f0d0f7,literature.download,premium,1107,116,high,low,10,namesilo,,,24/08/2026 02:03
7284b2ed-3943-4bae-86d2-43663d0d0077,philosophy.channel,premium,30.22,30.22,high,low,10,spaceship,,,27/09/2026 13:03
f8f94a4c-89a0-432f-826e-410df4c00b65,studies.shoes,available,64.99,64.99,high,low,7,namesilo,,,16/09/2026 11:06
cd11e06c-ec00-4a4b-b6c2-c0f038607084,philosophy.food,premium,455,650,high,low,10,namecheap,,,27/09/2026 13:03
4ca48576-7e9a-4879-bcd0-a2669f9287a9,literature.mobile,premium,750,750,high,low,10,name.com,,,24/08/2026 02:03
9d461126-e9e9-4fcb-b61b-26b0ed38fc71,studies.university,available,62.99,62.99,high,low,7,namesilo,,,16/09/2026 11:06
92def7cd-323d-4a60-b230-d90b08caba71,literature.zip,premium,73.75,73.75,high,low,10,name.com,,,24/08/2026 02:03
a5a75c41-38d8-4dfe-97e6-4a4929007495,history.college,premium,640,640,high,low,7,namesilo,,,28/09/2026 17:27
77c320ef-68f6-49ca-863a-cc95932e0e22,studies.fit,available,2.99,32.49,high,low,7,namesilo,,,16/09/2026 11:06
289a8999-e193-4452-b269-af5c6a30a8ec,studies.limo,available,54.99,54.99,high,low,7,namesilo,,,16/09/2026 11:06
c35b7d94-8cb8-4e4c-a19e-7e1ff1e833cc,literature.email,available,4.98,40.98,high,low,10,namecheap,,,24/08/2026 02:03
5f27f743-6cd6-4f5a-86cc-b21349a488a8,literature.deal,premium,116,116,high,low,10,namesilo,,,24/08/2026 02:03
1fd43d6b-3dbd-46e8-914a-4a03287b92c5,history.singles,available,9.49,33.99,high,low,7,namesilo,,,28/09/2026 17:27
e567ccd4-27a3-4c61-8404-7eaafc45efef,literature.marketing,available,6.98,53.98,high,low,10,namecheap,,,24/08/2026 02:03
c977c06a-07ce-46f9-956e-85dadd8f45ef,history.organic,available,17,,high,low,7,unstoppable,,,28/09/2026 17:27
e961c827-f1ba-4350-90ef-840dea3b827e,philosophy.coupons,available,2.27,43.67,high,low,10,spaceship,,,27/09/2026 13:03
9fe7c35e-99d6-4588-828c-4dee4cd81430,history.forsale,premium,118.8,118.8,high,low,7,namesilo,,,28/09/2026 17:27
307930e9-dade-47d1-b441-7cfd7cbf1487,literature.lifestyle,available,1.8,48.98,high,low,10,namecheap,,,24/08/2026 02:03
46733c71-a47a-4d66-a34c-bed9ed5260ea,literature.capital,available,8.98,89.98,high,low,10,namecheap,,,24/08/2026 02:03
849c442a-0c81-4b70-bc0e-bdf60d8f2031,studies.link,premium,300.8,300.8,high,low,7,namesilo,,,16/09/2026 11:06
1a96532e-d654-44dc-a3ec-c702549592a6,studies.homes,available,1.99,17.29,high,low,7,namesilo,,,16/09/2026 11:06
c0ab69c9-8cb6-42ae-a82f-74db16fda6c1,philosophy.fishing,premium,,,high,low,10,,,,27/09/2026 13:03
1be8c04f-30bb-4ce9-b6b6-2953a3db736b,literature.bet,available,8.98,35.98,high,low,10,namecheap,,,24/08/2026 02:03
d66e5d7f-9be3-470d-b3e7-ed1a6b68449c,literature.prof,premium,111.25,111.25,high,low,10,name.com,,,24/08/2026 02:03
e211030a-db5c-4b5c-b6c8-c0a5cd8e45f4,studies.accountants,available,117.99,117.99,high,low,7,namesilo,,,16/09/2026 11:06
55f9b0fc-76d3-4851-9477-522377b5bbb8,history.boo,premium,545.26,545.26,high,low,7,porkbun,,,28/09/2026 17:27
88aa22ff-98a1-4b91-9c67-88ba46481064,literature.science,premium,6250,125,high,low,10,name.com,,,24/08/2026 02:03
a28bab98-060c-476f-97de-37215d4976b4,literature.kim,available,5.98,32.98,high,low,10,namecheap,,,24/08/2026 02:03
6d09550b-562b-457c-bce3-692023ea52bd,studies.boo,premium,323.7,323.7,high,low,7,namecheap,,,16/09/2026 11:06
59e04815-0a51-46b5-9b7b-5407930f59a0,philosophy.zip,premium,61.27,61.27,high,low,10,spaceship,,,27/09/2026 13:03
3932563e-1a26-4dde-bd2a-14d6f7142b6f,philosophy.hockey,available,46.2,46.2,high,low,10,cloudflare,,,27/09/2026 13:03
7d43d4c0-b806-4baf-9aa7-3f764080a44d,studies.gratis,available,23.99,23.99,high,low,7,namesilo,,,16/09/2026 11:06
1651626d-979a-468f-94e4-24c92f198994,literature.healthcare,available,88.99,88.99,high,low,10,namesilo,,,24/08/2026 02:03
effc45ff-4c1f-424a-86f9-59f5f9484e61,studies.work,premium,640,11.8,high,low,7,namesilo,,,16/09/2026 11:06
1b5c544d-3155-4a43-9e92-e20f35cad33b,studies.loan,available,5.25,6.25,high,low,7,namesilo,,,16/09/2026 11:06
122dce46-4b76-428e-963e-54254dbaf7b0,history.family,premium,1000.5,1107,high,low,7,unstoppable,,,28/09/2026 17:27
f8ce3355-da6f-46d9-b892-e0fd0e36c683,studies.wiki,available,2.99,32.49,high,low,7,namesilo,,,16/09/2026 11:06
39a6c240-9a16-4b4f-8bb2-14cb52bad66d,literature.industries,available,17.49,65.99,high,low,10,name.com,,,24/08/2026 02:03
d6ebe2f8-92de-422b-a9ff-47620c2fa4cd,literature.doctor,available,5.98,154.98,high,low,10,namecheap,,,24/08/2026 02:03
30f1487e-8656-45c4-bc02-cfe5a2588f2c,art.zone,resell,,,high,medium,3,Alibaba Cloud Computing Ltd. d/b/a HiChina (www.net.cn),05/12/2019 08:40,05/12/2026 08:40,29/09/2026 20:37
12167693-29c8-498b-b2d9-328ca01ca1ff,studies.meme,premium,195,195,high,low,7,namecheap,,,16/09/2026 11:06
321bc98f-c959-4a59-90f7-2738aa3bc763,history.website,premium,3450,3450,high,low,7,namesilo,,,28/09/2026 17:27
6a78c3d8-d233-45b0-b58c-62b3e6f6d390,studies.reisen,available,21.98,28.98,high,low,7,namecheap,,,16/09/2026 11:06
5715c09e-3be1-4b58-85fe-cb1d93375a4f,literature.systems,available,11.98,47.48,high,low,10,namecheap,,,24/08/2026 02:03
bf8a046c-fec4-4b9f-8830-ce4cf5b5b20f,arts.degree,premium,1107,1107,high,low,4,namesilo,,,28/09/2026 04:29
9eab9a2d-7566-4ccf-99bf-2160678678a1,literature.press,premium,312.5,625,high,low,10,name.com,,,24/08/2026 02:03
c28bf362-844d-406b-b098-17ea80d9e21d,literature.link,premium,293.75,293.75,high,low,10,name.com,,,24/08/2026 02:03
e135f85d-6538-4bb1-9c20-56943f57fc18,studies.tel,premium,10.62,10.62,high,low,7,namesilo,,,16/09/2026 11:06
728c9d1d-c84c-4e76-b884-d9bbfc2cda36,history.partners,available,20.99,71.99,high,low,7,namesilo,,,28/09/2026 17:27
85d91507-d53a-4727-aca0-f7e78440e61a,literature.reisen,available,3.99,20.99,high,low,10,namesilo,,,24/08/2026 02:03
50ff84d3-2903-461f-b04b-944e664caa2a,philosophy.photo,available,26.08,26.08,high,low,10,spaceship,,,27/09/2026 13:03
9d0b956c-ab17-4729-836b-2bf0c69315dd,history.contractors,available,27.2,27.2,high,low,7,cloudflare,,,28/09/2026 17:27
09b97a13-92bb-44a3-8ea3-78c4aa01f6f6,literature.click,available,1.8,17.98,high,low,10,namecheap,,,24/08/2026 02:03
7af8a120-bff8-456b-8e87-89206f017612,studies.bar,available,3.49,54.99,high,low,7,namesilo,,,16/09/2026 11:06
844ab936-cc06-40d7-a34e-cfd68c2682dc,literature.vip,premium,302.5,17.7,high,low,10,namesilo,,,24/08/2026 02:03
352fc9ba-a70e-4283-ae53-3cb7b4715e19,anthropology.desi,available,19.98,22.98,high,low,12,namecheap,,,29/09/2026 16:22
ae847184-cf69-4806-9692-fe310d22f0ba,history.wedding,available,32.49,32.49,high,low,7,namesilo,,,28/09/2026 17:27
798bd3db-2f12-4da3-b4fb-8498a6d0bba7,studies.living,available,5.49,39.99,high,low,7,namesilo,,,16/09/2026 11:06
d65fc65c-f967-4e2a-b7e8-b4aa50b9a4c4,history.monster,resell,,,high,low,7,Dynadot Inc,31/01/2026 18:49,31/01/2027 23:59,28/09/2026 17:27
7172fc54-2a43-438e-b23a-b318a889d8c0,philosophy.insure,available,76.98,91.98,high,low,10,namecheap,,,27/09/2026 13:03
34bbb2c4-eace-4d31-8e3b-87850dbad3e4,history.fitness,available,2.79,33.32,high,low,7,spaceship,,,28/09/2026 17:27
bb14f569-e532-485e-825a-3fd766018651,studies.date,premium,390,130,high,low,7,namecheap,,,16/09/2026 11:06
9d76d086-ae0c-4b89-9774-4cba0668c2c0,philosophy.lighting,available,22.98,31.98,high,low,10,namecheap,,,27/09/2026 13:03
cb5aba81-e1c1-466a-909d-084a278c6f6d,philosophy.estate,available,15.99,38.99,high,low,10,namesilo,,,27/09/2026 13:03
a974e3fc-65f7-49ab-998b-af481478e618,philosophy.watch,available,3.48,56.98,high,low,10,namecheap,,,27/09/2026 13:03
bb753e26-dcd1-445f-bfdd-bbc5b965a5d0,literature.mba,available,11.98,49.98,high,low,10,namecheap,,,24/08/2026 02:03
70bb37c8-800c-46b5-bc8a-a53c3544fa97,studies.photography,available,14.49,36.49,high,low,7,namesilo,,,16/09/2026 11:06
67aa5708-2613-4b29-ab7a-9999c0fbd5d8,arts.photo,premium,103.7,103.7,high,low,4,spaceship,,,28/09/2026 04:29
fede47bf-334f-4f3d-bebc-e39b6644b64c,studies.engineer,available,40.98,52.98,high,low,7,namecheap,,,16/09/2026 11:06
2e2efecf-0b1b-45f0-89d6-b68ba9892731,culture.hiv,available,195.99,195.99,high,medium,7,namesilo,,,29/09/2026 12:04
93fd6548-ccbe-4aca-969f-fa4dc86ce078,philosophy.broker,available,8.24,29.35,high,low,10,porkbun,,,27/09/2026 13:03
c8e28c8a-8b5c-44cd-93da-05e433bb6e9e,art.family,premium,242,242,high,medium,3,namesilo,,,29/09/2026 20:37
fa1bfe97-0fbd-42f8-88b0-f90e4148d83a,studies.ing,premium,455,455,high,low,7,namecheap,,,16/09/2026 11:06
d984a16a-89b3-487f-836c-823b20d41d6d,literature.theatre,available,509.99,529.99,high,low,10,namesilo,,,24/08/2026 02:03
981cba62-68ce-422d-9baf-4408081e1866,studies.bargains,available,14.98,37.98,high,low,7,namecheap,,,16/09/2026 11:06
bbd29cd6-0d43-421e-9691-fec042949b2e,literature.enterprises,available,5.99,50.99,high,low,10,name.com,,,24/08/2026 02:03
f201040a-a0c4-4517-bd08-1454115febbb,history.date,premium,330,55,high,low,7,dynadot,,,28/09/2026 17:27
758dcae2-8ee9-4d15-aa90-95943738ff91,philosophy.bayern,available,31.99,30.8,high,low,10,porkbun,,,27/09/2026 13:03
86058a46-a8cc-4cc6-91d2-52885d77d667,literature.theater,available,19.99,83.99,high,low,10,name.com,,,24/08/2026 02:03
6557cdc9-56f7-4125-a947-4704336db7dc,literature.melbourne,available,44.98,53.98,high,low,10,namecheap,,,24/08/2026 02:03
a31c737c-9faa-4427-a3cf-b90900297e6e,literature.salon,available,19.99,83.99,high,low,10,name.com,,,24/08/2026 02:03
46330864-90cd-4eb1-995f-01200d18d859,writing.prof,premium,671.92,671.92,high,low,7,spaceship,,,28/09/2026 23:21
945297df-dc0c-4424-95aa-e5b4887e9a6d,studies.ltda,premium,56.64,33.04,high,low,7,namesilo,,,16/09/2026 11:06
7b98e619-0092-429c-8473-3f27e817b0db,studies.coffee,available,16.99,42.99,high,low,7,namesilo,,,16/09/2026 11:06
7e56f893-1023-4a08-9728-1ef3be5c3d4f,literature.date,premium,375,125,high,low,10,name.com,,,24/08/2026 02:03
8016bdf0-0bc6-4b51-a8b4-fd263568362c,history.domains,available,44.98,53.98,high,low,7,namecheap,,,28/09/2026 17:27
f64d6d7c-510d-4c69-83a3-b4c06e63c330,art.engineering,resell,,,high,medium,3,"Global Domains International, Inc. DBA DomainCostClub.com",24/05/2026 15:15,24/05/2027 15:15,29/09/2026 20:37
9962a6b4-3720-456b-8266-ddc3f67b1354,philosophy.repair,available,12.99,36.99,high,low,10,namesilo,,,27/09/2026 13:03
bc389315-ef33-437a-8230-c5c90acf8aa1,studies.kids,available,6.79,19.99,high,low,7,namesilo,,,16/09/2026 11:06
effc6515-22ef-4e33-bd2f-b2a512fe8c47,philosophy.tienda,available,59.99,59.99,high,low,10,namesilo,,,27/09/2026 13:03
c7764aef-4150-43d6-9f3d-3da99e1a02e0,studies.salon,available,57.99,57.99,high,low,7,namesilo,,,16/09/2026 11:06
38610c08-b023-4c4d-acbc-e246592fd72e,history.equipment,available,22.97,22.97,high,low,7,spaceship,,,28/09/2026 17:27
bcbdb466-d047-42eb-924c-0e606eee711e,literature.realty,available,99.8,456.98,high,low,10,namecheap,,,24/08/2026 02:03
1465fce5-6049-4d34-875d-0bc93cc0214e,studies.rsvp,premium,323.7,323.7,high,low,7,namecheap,,,16/09/2026 11:06
9f7a39ca-7bde-4361-8f34-2db683a322bf,history.apartments,available,44.2,44.2,high,low,7,cloudflare,,,28/09/2026 17:27
f26a7e15-3623-4170-acb5-bd30a09d8c30,history.cleaning,available,58.2,58.2,high,low,7,cloudflare,,,28/09/2026 17:27
16b196a7-6837-4a67-b717-c4482084faba,studies.consulting,available,27.99,54.99,high,low,7,namesilo,,,16/09/2026 11:06
f26b51a0-6aeb-449d-a99d-ea3e5ad2660c,literature.vodka,available,32.49,32.49,high,low,10,namesilo,,,24/08/2026 02:03
a499fe7d-29de-4c35-985f-a4884bfe4f01,art.cricket,premium,650,84.5,high,medium,3,namecheap,,,29/09/2026 20:37
6cf5bdce-8b4d-4a1c-9f1a-f1b9d565b023,philosophy.kim,available,12.99,23.49,high,low,10,namesilo,,,27/09/2026 13:03
1e84626b-5171-4519-8943-96d47d103894,literature.fan,available,11.99,71.99,high,low,10,name.com,,,24/08/2026 02:03
be29aae5-026e-48be-9cde-389fbf2edfa1,studies.capital,available,8.98,89.98,high,low,7,namecheap,,,16/09/2026 11:06
a5ac6afb-f37f-4298-9900-f17973c20b57,philosophy.glass,available,58.16,58.16,high,low,10,spaceship,,,27/09/2026 13:03
af1c903d-e6f8-40c0-af4d-e94fa1488214,philosophy.airforce,available,83,83,high,low,10,spaceship,,,27/09/2026 13:03
2a2f65f5-e650-48d0-97df-4ba255ae3397,history.work,premium,1035.2,10.55,high,low,7,spaceship,,,28/09/2026 17:27
0698d733-fd13-484f-a9f7-a12a9d6f21ab,studies.art,premium,3450,83.3,high,low,7,namesilo,,,16/09/2026 11:06
659c2136-b582-4cac-9cc0-b365e821da40,philosophy.promo,available,10.55,19.87,high,low,10,spaceship,,,27/09/2026 13:03
c763cd21-d35b-46f9-ab50-0386f35e58c8,history.moe,premium,88,13.06,high,low,7,dynadot,,,28/09/2026 17:27
c1f65c54-abf3-43f6-940b-ee13a8a2c0dc,history.how,premium,351.07,351.07,high,low,7,spaceship,,,28/09/2026 17:27
74e8f8cb-6db4-45cc-a94e-c16c4e3a281c,literature.team,resell,,,high,low,10,"NameCheap, Inc.",15/03/2026 21:41,15/03/2027 21:41,26/09/2026 07:16
2c65b167-e92b-4b54-9b8c-68424bb20c85,studies.guru,available,4.49,42.99,high,low,7,namesilo,,,16/09/2026 11:06
7e40cd14-bda9-49ee-8084-b205caba5c7e,history.webcam,premium,517.7,67.48,high,low,7,spaceship,,,28/09/2026 17:27
ed16a28d-d612-4e95-ab3e-b9130298100c,art.world,resell,,,high,medium,3,Dynadot Inc,27/03/2019 09:56,27/03/2027 09:56,29/09/2026 20:37
55ec2382-38cb-4ccc-b0f7-8d3f4d68b99d,studies.estate,available,15.99,38.99,high,low,7,namesilo,,,16/09/2026 11:06
8f2991d2-1625-4d4a-a989-9cf31ee4d016,language.prof,premium,843.7,843.7,high,low,8,namecheap,,,25/09/2026 15:54
a0b3923e-a730-4c8d-ab57-eddff2f8f43b,studies.fm,available,88.99,88.99,high,low,7,namesilo,,,16/09/2026 11:06
01b80a93-8f7a-4017-866b-be049f1f647f,philosophy.barcelona,available,25.04,25.04,high,low,10,spaceship,,,27/09/2026 13:03
6624bfae-dc17-4157-94bb-c5bddcf453aa,philosophy.shopping,available,23.18,23.18,high,low,10,spaceship,,,27/09/2026 13:03
d5fba98b-4324-4552-87b4-a4eb060572af,philosophy.ventures,available,5.98,75.98,high,low,10,namecheap,,,27/09/2026 13:03
e30a1eb3-807b-41cb-88d0-026296121462,literature.dating,available,12.98,86.98,high,low,10,namecheap,,,24/08/2026 02:03
7b6d13b2-839c-41fb-8374-6351541b6dbd,literature.global,premium,1500,62.5,high,low,10,name.com,,,24/08/2026 02:03
95b0959d-a130-4f36-967c-0285cdbcb3eb,history.food,premium,362.45,517.7,high,low,7,spaceship,,,28/09/2026 17:27
540e0edc-b0af-4d48-bacd-aa16316a883f,literature.motorcycles,available,1.8,19.98,high,low,10,namecheap,,,24/08/2026 02:03
c2032086-dfcd-4e02-aa72-5ed9d62da9c9,literature.diamonds,available,54.99,54.99,high,low,10,namesilo,,,24/08/2026 02:03
c8e6dcc2-c2b5-4cde-a9a7-4733bde8628a,arts.kiwi,premium,81.9,81.9,high,low,4,namecheap,,,28/09/2026 04:29
cce82967-1cc8-4530-8c8a-44b9723a0545,philosophy.sexy,available,2575.18,2575.18,high,low,10,porkbun,,,27/09/2026 13:03
5de03645-5f0c-45bb-92b3-f1ddfdbc1a07,history.airforce,available,83,83,high,low,7,spaceship,,,28/09/2026 17:27
b7dd6d87-a78c-47d0-9111-20673613f9f3,literature.hiv,available,184.99,184.99,high,low,10,name.com,,,24/08/2026 02:03
be527dde-a999-4d68-85df-18a70bc70445,studies.media,available,11.99,44.99,high,low,7,namesilo,,,16/09/2026 11:06
0e20b67e-c750-45df-8422-8a73283c06a7,literature.express,available,9.98,49.98,high,low,10,namecheap,,,24/08/2026 02:03
a2eb0abb-4a2b-4126-b67e-849e707c67c9,writing.phd,premium,671.92,671.92,high,low,7,spaceship,,,28/09/2026 23:21
509274cb-3833-4132-b64b-60bb2c25aa3f,writing.kiwi,available,21.47,21.47,high,low,7,dynadot,,,28/09/2026 23:21
21c861a7-2c7a-4b33-b69e-a02e824708a4,arts.productions,premium,512,512,high,low,4,namesilo,,,28/09/2026 04:29
db877437-043f-4c67-86e5-d1cb247901c0,culture.wine,premium,414.2,414.2,high,medium,7,spaceship,,,29/09/2026 12:04
089abedd-7e01-469e-8e3b-62f720fb0278,literature.sarl,available,6.98,8.98,high,low,10,namecheap,,,24/08/2026 02:03
1b45d8e8-7baf-4b38-9973-be6b39161609,art.talk,premium,2750,2750,high,medium,3,dynadot,,,29/09/2026 20:37
3a43b9ab-88ac-453c-b574-787578069e43,literature.limited,available,14.99,52.99,high,low,10,name.com,,,24/08/2026 02:03
b7ee54a8-8ce4-4c4a-a999-6f4c89945900,literature.immobilien,available,14.99,48.99,high,low,10,name.com,,,24/08/2026 02:03
cdc704ad-b5fd-4426-8f06-5f271b67e5ad,history.mobile,premium,310.7,310.7,high,low,7,spaceship,,,28/09/2026 17:27
636f2543-6ddb-403d-964b-641266c3546a,literature.cfd,premium,68.43,147.2,high,low,10,namesilo,,,24/08/2026 02:03
5b655497-91a3-4e52-b6ff-39a66de6af38,art.ing,premium,1690,1690,high,medium,3,namecheap,,,29/09/2026 20:37
d88d8e90-642f-4786-a494-c737a526dee2,art.tienda,premium,512,512,high,medium,3,namesilo,,,29/09/2026 20:37
dd42d92e-6f88-4fed-8eb8-cf74fb485b66,art.construction,premium,85.8,85.8,high,medium,3,namecheap,,,29/09/2026 20:37
699f9862-2442-4309-94e5-1d219c71d16d,studies.car,available,1999.99,2199,high,low,7,namesilo,,,16/09/2026 11:06
f47f9360-3cb5-4c81-8e93-b056f8e16e3c,philosophy.show,available,14.17,35.39,high,low,10,spaceship,,,27/09/2026 13:03
ba30046c-7475-48ca-be55-a71804833ee0,studies.tools,available,18.99,36.49,high,low,7,namesilo,,,16/09/2026 11:06
60244131-cd59-48a2-a997-b4c49d49157b,arts.cloud,premium,6900,6900,high,low,4,namesilo,,,28/09/2026 04:29
57f606d1-eded-4e75-b4e1-adf523f18065,history.tires,available,5.99,78.99,high,low,7,namesilo,,,28/09/2026 17:27
cc0f82e9-d969-4eac-a596-fac722c48b15,art.news,resell,,,high,medium,3,Porkbun LLC,17/12/2023 03:41,17/12/2026 03:41,29/09/2026 20:37
83778cb2-ad06-4a75-a66c-b3ae23726f87,philosophy.sbs,premium,310.7,621.2,high,low,10,spaceship,,,27/09/2026 13:03
6908243b-c1e7-40d7-acc1-bc3edb7160b7,philosophy.loan,premium,448,53.92,high,low,10,namesilo,,,27/09/2026 13:03
c471a0e5-579d-43ca-95df-789ac749daea,anthropology.university,premium,72.6,72.6,high,low,12,dynadot,,,29/09/2026 16:22
7bbf769f-15a8-41cf-8992-526d9a43b900,philosophy.kaufen,available,5.99,26.99,high,low,10,namesilo,,,27/09/2026 13:03
03dd67a3-7ccd-4f7a-b277-f43baa8398eb,literature.family,premium,118.8,118.8,high,low,10,namesilo,,,24/08/2026 02:03
b269b062-0c20-452c-bf1e-64fcca66d50d,philosophy.finance,available,50.2,50.2,high,low,10,cloudflare,,,27/09/2026 13:03
9a3dcdcc-5c2c-4162-8c3e-091deb6f75c2,studies.gg,available,68.98,82.98,high,low,7,namecheap,,,16/09/2026 11:06
1ad5c3b2-51fe-4d0b-a821-25fab22994e0,philosophy.boston,available,18.88,18.88,high,low,10,spaceship,,,27/09/2026 13:03
db1d3f25-b3f9-4ba7-a769-257b7e470715,studies.dev,premium,206.7,206.7,high,low,7,namecheap,,,16/09/2026 11:06
aff372c9-6153-4caf-a74b-46ce820c609a,history.fishing,premium,83,26.08,high,low,7,spaceship,,,28/09/2026 17:27
9532a9fd-4166-4c6d-9abf-fe585092440a,history.software,premium,512,512,high,low,7,namesilo,,,28/09/2026 17:27
6d976e83-4d30-42a4-812d-5a35d696c3c6,philosophy.tattoo,available,2.06,31.41,high,low,10,porkbun,,,27/09/2026 13:03
7e61ab84-1402-4736-9a4e-203258e48d5c,literature.golf,available,6.98,83.98,high,low,10,namecheap,,,24/08/2026 02:03
e3495d57-d601-4c88-8124-6edee7424c06,anthropology.kiwi,premium,155.72,155.72,high,low,12,dynadot,,,29/09/2026 16:22
3b33eaec-b516-4cd3-afb5-4eca402eb3dc,arts.cricket,available,20.18,20.18,high,low,4,cloudflare,,,28/09/2026 04:29
15708b4f-8bee-4403-b64e-a11478111b29,literature.news,premium,64.35,128.7,high,low,10,namecheap,,,24/08/2026 02:03
c7b0cf9d-b3d3-4d1f-a13d-3de2afadda35,philosophy.wine,available,7.45,47.81,high,low,10,spaceship,,,27/09/2026 13:03
fdec5534-d5db-41bd-a592-766be6dae959,literature.toys,available,14.98,82.48,high,low,10,namecheap,,,24/08/2026 02:03
7aaed4e2-26a4-409e-905b-8d30d5635dc7,philosophy.green,premium,640,640,high,low,10,namesilo,,,27/09/2026 13:03
4dbf3812-c6c9-45b1-9fb9-6fc7593ba99a,arts.futbol,available,7.49,17.99,high,low,4,namesilo,,,28/09/2026 04:29
6e9a9681-eaa4-4e62-ae75-679ce6729f2c,language.black,available,17.48,82.98,high,low,8,namecheap,,,25/09/2026 15:54
45f46c69-7708-4601-b3f2-591ab4beddec,history.kitchen,available,10.5,,high,low,7,unstoppable,,,28/09/2026 17:27
cd62cb5b-5933-441f-b946-f9d811bbc1a5,literature.university,premium,242,242,high,low,10,namesilo,,,24/08/2026 02:03
2479ea0d-09cd-45cd-b3f9-d75038031b1d,art.bet,resell,,,high,medium,3,Dynadot Inc,03/03/2016 16:00,03/03/2027 16:00,29/09/2026 20:37
5735ce3e-3bb5-47d5-878f-9ac96ec8081b,literature.camp,available,11.99,77.99,high,low,10,name.com,,,24/08/2026 02:03
909b80c1-a858-4e40-9806-10bb2e4dbe01,literature.lawyer,available,62.99,62.99,high,low,10,namesilo,,,24/08/2026 02:03
796ad25e-8fa8-4406-a2e3-dc7138ae98d8,literature.flights,available,23.98,75.98,high,low,10,namecheap,,,24/08/2026 02:03
14e3f9b3-a8a4-4aee-8f42-e5878c25aaf9,literature.vacations,available,9.99,50.99,high,low,10,name.com,,,24/08/2026 02:03
cc2d1183-6a9b-4a99-8c50-b6c0dceacba8,art.accountant,premium,550,71.5,high,medium,3,dynadot,,,29/09/2026 20:37
3723dabb-cdc5-4446-895c-5c494c46b7c9,studies.locker,premium,159.23,8.8,high,low,7,namesilo,,,16/09/2026 11:06
70e7fdac-e70d-4ae7-a924-afbe59add0f2,studies.quest,available,1.99,17.29,high,low,7,namesilo,,,16/09/2026 11:06
a08c26f6-8cbb-4eb7-8a27-43b12045fdcb,philosophy.sucks,premium,2658.67,2658.67,high,low,10,namesilo,,,27/09/2026 13:03
80518984-05f3-4242-8bd1-2492f55ae5eb,philosophy.skin,premium,2660,2660,high,low,10,namesilo,,,27/09/2026 13:03
e6db52f0-1973-4d39-aaef-ec90b845cfa7,history.id,resell,,,high,low,7,PT Jagat Informasi Solusi (int),28/06/2021 00:16,28/06/2027 23:59,28/09/2026 17:27
071128e5-347a-49ee-8ee0-816dd8269330,studies.express,available,12.49,39.99,high,low,7,namesilo,,,16/09/2026 11:06
20fbe9f6-3d05-4e8e-bd98-321288aed698,philosophy.biz,premium,1107,21.24,high,low,10,namesilo,,,27/09/2026 13:03
022c73b3-cc9a-4e25-95a0-9f295da1ca6f,literature.hot,premium,116,116,high,low,10,namesilo,,,24/08/2026 02:03
29f82063-9bc4-4dec-8e93-8a6fe2bf249a,history.mov,premium,257.92,257.92,high,low,7,spaceship,,,28/09/2026 17:27
b1c3af6f-ec67-41f3-96b4-f765ccddf465,history.fast,premium,550,550,high,low,7,dynadot,,,28/09/2026 17:27
e2d15622-ab54-4345-b2d4-226579bb3f1e,studies.solutions,available,10.99,30.99,high,low,7,namesilo,,,16/09/2026 11:06
f1ba3fb2-7ef4-45cf-8838-a9ccae9cd030,philosophy.giving,available,5.99,22.66,high,low,10,porkbun,,,27/09/2026 13:03
f5d35c3c-f33a-4e42-90d5-85181d965e38,history.coupons,available,2.27,43.67,high,low,7,spaceship,,,28/09/2026 17:27
969340ce-0a2d-4ce5-9c39-e63be26a2b38,history.exchange,premium,66.5,78.54,high,low,7,unstoppable,,,28/09/2026 17:27
11d96f74-debd-4124-ad49-e510090ede1d,studies.giving,available,7.48,35.98,high,low,7,namecheap,,,16/09/2026 11:06
6673f1a3-56f3-4099-bc07-ec00ff8d15f6,art.rip,premium,207.2,207.2,high,medium,3,spaceship,,,29/09/2026 20:37
4016003d-46ef-421f-a7fe-ff46033367f0,literature.community,available,14.99,65.99,high,low,10,name.com,,,24/08/2026 02:03
2567230e-f4b1-4746-a6d0-f721337381fd,literature.adult,available,69.98,166.98,high,low,10,namecheap,,,24/08/2026 02:03
4b03abbd-07cd-4243-9c0c-198e3a3e4301,arts.space,premium,13800,13800,high,low,4,namesilo,,,28/09/2026 04:29
b0660a18-f549-4f49-817a-12147568d8eb,studies.store,premium,812.5,3250,high,low,7,namecheap,,,16/09/2026 11:06
9930d003-f2ca-4cbe-87c5-6c8c99f41bc9,arts.courses,premium,6900,6900,high,low,4,namesilo,,,28/09/2026 04:29
1a336028-a669-4620-ae4a-d2a5c2e5213c,studies.wedding,available,32.49,32.49,high,low,7,namesilo,,,16/09/2026 11:06
dddcad2e-79b7-404d-a399-4b7f27ae2107,art.gratis,premium,414.2,414.2,high,medium,3,spaceship,,,29/09/2026 20:37
5a963ef4-ce62-498b-9f91-9c689611e600,studies.tube,premium,23.6,23.6,high,low,7,namesilo,,,16/09/2026 11:06
d1dfb173-0208-4ecd-a56e-cea0cb5c0e96,art.auto,available,1863.2,2064.2,high,medium,3,spaceship,,,29/09/2026 20:37
435b89dc-aae8-4bcb-851c-a01235655c2b,history.courses,premium,5175.2,5175.2,high,low,7,spaceship,,,28/09/2026 17:27
91809511-00ad-4b9b-b402-2378860f24f0,art.supply,resell,,,high,medium,3,"Sav.com, LLC - 19",17/02/2023 15:15,17/02/2027 15:15,29/09/2026 20:37
f9e813f3-7d9c-4129-89b1-ca0149201a22,literature.city,resell,,,high,low,10,"Sav.com, LLC",18/09/2025 07:19,18/09/2027 07:19,26/09/2026 07:16
4d8472b4-79ce-4458-b860-c227792dcfee,philosophy.discount,available,24.01,24.01,high,low,10,spaceship,,,27/09/2026 13:03
75c5832c-b167-4318-8376-31616e474ccd,philosophy.homes,available,1.99,17.29,high,low,10,namesilo,,,27/09/2026 13:03
e663198f-3163-4728-8244-7909ddbc22ca,arts.dev,premium,421.12,421.12,high,low,4,namesilo,,,28/09/2026 04:29
a4212ffb-2647-4ed9-b1fe-073b3d6878ae,studies.diet,available,104.99,114.99,high,low,7,namesilo,,,16/09/2026 11:06
2c0f5054-f440-4c85-bd28-e0195c238a49,literature.nexus,premium,73.75,73.75,high,low,10,name.com,,,24/08/2026 02:03
16cbf259-7521-4062-a37a-2fb96074c47b,history.sex,available,51.95,98.53,high,low,7,spaceship,,,28/09/2026 17:27
6cd0ec3f-5b99-4471-bcb3-5a3c94beff2d,arts.irish,available,5.38,17.8,high,low,4,spaceship,,,28/09/2026 04:29
117a1a8a-b0e2-4fc1-bf0c-62569a97df44,culture.theater,available,10.81,52.01,high,medium,7,porkbun,,,29/09/2026 12:04
403d2b00-8914-4c29-b49b-724f679e324a,history.holdings,available,51.95,51.95,high,low,7,spaceship,,,28/09/2026 17:27
8b4df76d-a3f4-405d-9271-1fa73588d62b,studies.camp,available,65.98,78.98,high,low,7,namecheap,,,16/09/2026 11:06
380619df-69b4-4905-970b-7fc6c0a3272a,culture.website,premium,650,1300,high,medium,7,namecheap,,,29/09/2026 12:04
1851b566-2c48-40b1-a2aa-9f9e94e57955,culture.dad,premium,516.67,516.67,high,medium,7,spaceship,,,29/09/2026 12:04
f03309a4-a083-4a31-8bef-89c994e341e7,arts.auction,premium,440,440,high,low,4,dynadot,,,28/09/2026 04:29
66242eed-7ccd-4c61-8aa2-0e36e09e6e9f,literature.band,available,17.48,39.98,high,low,10,namecheap,,,24/08/2026 02:03
49144b56-1a51-4d44-adfd-44983803fe96,culture.rocks,premium,,,high,medium,7,"GoDaddy.com, LLC",22/03/2019 16:47,22/03/2027 16:47,29/09/2026 12:04
a7ecaa50-714d-4e1e-b501-26654b42f02f,philosophy.catering,available,30.2,30.2,high,low,10,cloudflare,,,27/09/2026 13:03
618cbbfe-84e8-4f55-b293-d704c13b75da,art.gay,premium,2070.2,2070.2,high,medium,3,spaceship,,,29/09/2026 20:37
7aac5123-d392-4c7b-9a05-78d1a16051af,literature.plumbing,available,14.99,94.99,high,low,10,name.com,,,24/08/2026 02:03
e7d4a9af-0e1c-486c-8feb-b3bd1fc0956d,culture.rich,available,78.99,160.71,high,medium,7,porkbun,,,29/09/2026 12:04
897d5574-8694-48de-99f2-44d5e870552b,culture.cc,resell,,,high,medium,7,"GoDaddy.com, LLC",23/08/2006 12:41,23/08/2027 12:41,29/09/2026 12:04
3af7c594-dc8e-4930-9a1f-101c6ae5dc66,history.surgery,premium,102.67,102.67,high,low,7,spaceship,,,28/09/2026 17:27
f71ccc76-cf4c-4987-81e3-5d2ceafcf54c,arts.technology,resell,,,high,low,4,"Spaceship, Inc.",15/09/2026 17:00,15/09/2027 17:00,28/09/2026 04:29
c0fb9657-1e4f-4bb3-b22d-a87b2371ac4c,literature.estate,available,6.98,52.98,high,low,10,namecheap,,,24/08/2026 02:03
dd5b63ae-c77f-44e6-8785-0dead8fb2a90,history.gifts,premium,260,260,high,low,7,namecheap,,,28/09/2026 17:27
0c51e08f-bd50-4570-a562-8c1a861c08bd,language.lat,available,1.99,32.49,high,low,8,namesilo,,,25/09/2026 15:54
a1c1b07b-80eb-44a6-822f-38917bdf1bfa,culture.paris,available,66.98,66.98,high,medium,7,namecheap,,,29/09/2026 12:04
4eba13d7-f22d-4ac6-a5a8-351fe499817a,history.care,resell,,,high,low,7,"Spaceship, Inc.",06/07/2026 17:00,06/07/2027 17:00,28/09/2026 17:27
19b5a479-1f07-47de-bda8-bc4bbd912800,literature.ninja,available,9.99,39.99,high,low,10,name.com,,,24/08/2026 02:03
67cfa0b0-e6e6-410b-af67-43a0e6dede98,studies.clinic,available,20.99,64.99,high,low,7,namesilo,,,16/09/2026 11:06
8d004886-6efc-43e3-8d6a-7df00635da19,philosophy.contact,available,11.84,11.84,high,low,10,porkbun,,,27/09/2026 13:03
d3c4fb28-7296-4ece-9488-2d2114fc0297,literature.stream,available,5.25,6.25,high,low,10,namesilo,,,24/08/2026 02:03
a0850959-5ccc-4525-98b9-79179c9dc923,arts.bayern,available,31.99,30.8,high,low,4,porkbun,,,28/09/2026 04:29
27623dbc-7c59-488b-a2c9-77a77fcf4b6c,studies.how,premium,53.3,53.3,high,low,7,namecheap,,,16/09/2026 11:06
6e8ffe72-c6cd-4bcd-9f9a-98f54c3e603e,history.gives,available,21.7,21.7,high,low,7,cloudflare,,,28/09/2026 17:27
7480548a-1b90-4de8-85f9-460d3223e426,arts.meme,premium,845,845,high,low,4,namecheap,,,28/09/2026 04:29
dffef78d-2165-4336-8e80-593249fc58d2,culture.kids,premium,310.7,18.83,high,medium,7,spaceship,,,29/09/2026 12:04
e90a417d-07d9-4473-bb87-1297e9e74971,arts.democrat,available,25.2,25.2,high,low,4,cloudflare,,,28/09/2026 04:29
7f2af002-ecb8-43da-b764-cca94a6afba0,studies.talk,premium,71.4,71.4,high,low,7,namesilo,,,16/09/2026 11:06
0c64bc99-b5ad-4c1e-ba1c-f4d4dae25a60,history.racing,premium,116,116,high,low,7,namesilo,,,28/09/2026 17:27
015debb2-2e21-495f-8894-76b9d8278147,art.date,premium,310.7,51.95,high,medium,3,spaceship,,,29/09/2026 20:37
06e91541-ba97-4ae1-bc99-41a4cf52eb5f,literature.taxi,available,8.98,69.98,high,low,10,namecheap,,,24/08/2026 02:03
e074b5c9-f662-454d-ba06-f7290caa1829,studies.supply,available,25.99,25.99,high,low,7,namesilo,,,16/09/2026 11:06
af4ba178-6ce2-49d6-9cdc-85abc54b2181,studies.agency,available,4.98,41.98,high,low,7,namecheap,,,16/09/2026 11:06
c68548d5-2c13-40b9-9791-b338f9395cce,culture.restaurant,available,10.55,51.95,high,medium,7,spaceship,,,29/09/2026 12:04
5ead80a0-b60b-4859-8b79-82a9233ed7e7,history.barcelona,available,25.04,25.04,high,low,7,spaceship,,,28/09/2026 17:27
1b03575d-0891-45ce-aafa-019609885c12,literature.cleaning,available,75.49,75.49,high,low,10,namesilo,,,24/08/2026 02:03
3c91b102-f6fa-4558-99cc-7cc0a178b0c9,literature.guitars,available,104.99,114.99,high,low,10,namesilo,,,24/08/2026 02:03
a51f7976-073d-484f-81cc-2dba2058fdba,literature.kids,premium,375,22.5,high,low,10,name.com,,,24/08/2026 02:03
000ad980-3f4a-499d-b076-c514fd0f59d4,studies.buzz,premium,116,53.92,high,low,7,namesilo,,,16/09/2026 11:06
c3242562-1163-43d5-b58f-635e11e35cd7,philosophy.day,premium,,,high,low,10,,,,27/09/2026 13:03
e9b07e42-6326-4c3d-af21-50f75927cde3,studies.host,available,9.99,47.48,high,low,7,namecheap,,,16/09/2026 11:06
d9870a86-3b03-43b4-9635-af710c4e41d2,studies.toys,available,14.98,82.48,high,low,7,namecheap,,,16/09/2026 11:06
e361380f-2054-4bad-bcfb-93d25bc48446,philosophy.credit,available,11.49,104.99,high,low,10,namesilo,,,27/09/2026 13:03
36968dd8-a4a7-4e5d-947b-3f7f14366e21,art.shiksha,available,10.55,41.6,high,medium,3,spaceship,,,29/09/2026 20:37
04931638-fda5-4936-bea7-45ce9d797549,history.immobilien,available,39.98,43.98,high,low,7,namecheap,,,28/09/2026 17:27
cc0b0ffd-1372-4096-9ac3-d81ca38ff3d6,philosophy.gripe,available,6.98,8.98,high,low,10,namecheap,,,27/09/2026 13:03
0dfbbee5-ca62-4f7a-9f01-ec4d22a9aa09,literature.cab,available,23.99,43.99,high,low,10,name.com,,,24/08/2026 02:03
6fd9f402-2726-4221-971b-8785ed981342,studies.rodeo,premium,96,11.8,high,low,7,namesilo,,,16/09/2026 11:06
56ec8b38-fb6b-45ed-9596-1feb9fd3e7d5,literature.supplies,available,24.99,24.99,high,low,10,namesilo,,,24/08/2026 02:03
7d2f5e81-4163-4bf0-b050-72b8c1e63378,studies.exchange,available,5.98,49.98,high,low,7,namecheap,,,16/09/2026 11:06
1fc04a1a-070f-405b-840c-052c7450b247,culture.bz,available,16.79,16.79,high,medium,7,porkbun,,,29/09/2026 12:04
9e87da0b-987e-4a4e-a10c-ec7ddb40c1ef,writing.desi,available,19.98,22.98,high,low,7,namecheap,,,28/09/2026 23:21
8658254d-a593-414d-8ad7-3bfd8c78daa7,history.voting,available,1398,1448,high,low,7,namecheap,,,28/09/2026 17:27
a645e160-a31d-4879-a225-57b232217f68,studies.cash,available,12.99,38.99,high,low,7,namesilo,,,16/09/2026 11:06
38d74efd-3ce8-48b9-92e5-948c261de0c2,anthropology.bayern,available,34.99,34.99,high,low,12,namesilo,,,29/09/2026 16:22
6b5cfa5f-7bea-4e7d-a2ac-1d5f6a905f95,literature.direct,available,14.98,53.98,high,low,10,namecheap,,,24/08/2026 02:03
29cc184b-2de5-46b5-a561-27197e4657c6,studies.hockey,available,59.99,59.99,high,low,7,namesilo,,,16/09/2026 11:06
6b4a34fb-102d-45b6-9541-f0bc1e77b5f0,philosophy.productions,available,10.99,40.49,high,low,10,namesilo,,,27/09/2026 13:03
4917ab11-2216-43af-a4f7-036a1ede1ae7,art.expert,premium,828.2,828.2,high,medium,3,spaceship,,,29/09/2026 20:37
153c1852-e0b8-48ca-b931-026a7f51c796,history.sarl,available,5.2,5.2,high,low,7,cloudflare,,,28/09/2026 17:27
43cf317f-2918-4a5d-9828-09acd970813e,arts.uk,resell,,,high,low,4,Centraserve Ltd,01/07/2019 13:00,01/07/2027 13:00,28/09/2026 04:29
23eec79d-cf5b-4fdd-9b6c-c8694f50bdf5,arts.reisen,available,16.76,16.76,high,low,4,spaceship,,,28/09/2026 04:29
deb23a14-c20b-44af-893b-c18b66765736,literature.luxe,available,19.49,19.49,high,low,10,namesilo,,,24/08/2026 02:03
5cfa3120-a354-4455-a514-4267b748d437,history.bike,available,12,,high,low,7,unstoppable,,,28/09/2026 17:27
e8e5e78e-98e7-4483-8bad-d3a175bf0aa7,philosophy.salon,available,57.99,57.99,high,low,10,namesilo,,,27/09/2026 13:03
4215b390-1a38-4e5c-a811-7241c8a3c325,philosophy.immo,available,28.15,28.15,high,low,10,spaceship,,,27/09/2026 13:03
b775c008-9018-426c-80ee-d7e9e0c118a5,literature.racing,available,11.99,11.99,high,low,10,namesilo,,,24/08/2026 02:03
104bf56c-c671-497d-a761-c39936b6dcbd,art.beer,premium,414.2,26.08,high,medium,3,spaceship,,,29/09/2026 20:37
361e90ff-f784-4a1f-90b1-7f95819a02c1,culture.chat,resell,,,high,medium,7,"GoDaddy.com, LLC",21/03/2017 02:37,21/03/2027 02:37,29/09/2026 12:04
c68b248d-a42a-47f4-aee8-af8750fd62ab,anthropology.lat,available,1.24,26.08,high,low,12,spaceship,,,29/09/2026 16:22
e3c09495-a7cd-4697-b388-cb51777d2ba8,studies.healthcare,resell,,,high,low,7,"GoDaddy.com, LLC",13/08/2015 19:58,13/08/2027 19:58,26/09/2026 09:21
82fb483f-fe42-4992-bdce-4fc5fb1c28ff,history.moda,available,10.92,34.46,high,low,7,dynadot,,,28/09/2026 17:27
1ef24695-7995-4a46-965a-ed3c61c4396c,arts.cars,available,1863.2,2064.2,high,low,4,spaceship,,,28/09/2026 04:29
ff42097b-d674-4976-993a-140f3c6e09d2,writing.degree,premium,260,260,high,low,7,namecheap,,,28/09/2026 23:21
7444c1e7-710c-42b3-97ab-16789146bd29,arts.marketing,resell,,,high,low,4,Dynadot Inc,05/07/2018 04:02,05/07/2027 04:02,28/09/2026 04:29
d9863cbc-d783-41cd-9c34-7f5a56bc560a,studies.tickets,available,359.99,488.88,high,low,7,namesilo,,,16/09/2026 11:06
dcf89e30-f543-4cba-9c5a-0b100d1e1337,philosophy.nexus,premium,61.27,61.27,high,low,10,spaceship,,,27/09/2026 13:03
6be13bc7-7748-4f47-abdf-77278e029b5d,history.horse,available,26.08,26.08,high,low,7,spaceship,,,28/09/2026 17:27
56c5aab2-ede9-4b29-a692-24a212f7362b,history.flowers,available,108.98,159.98,high,low,7,namecheap,,,28/09/2026 17:27
4f0be1d9-ee40-4580-ab45-64d96d213e6a,anthropology.paris,available,66.98,66.98,high,low,12,namecheap,,,29/09/2026 16:22
e644ce78-9a27-48fe-abaa-7db9c96145c3,studies.place,available,22.98,30.98,high,low,7,namecheap,,,16/09/2026 11:06
efa44071-e1fe-4eec-bf38-b01edb685fde,history.baby,available,1.18,51.8,high,low,7,spaceship,,,28/09/2026 17:27
2e993ae8-5fff-428c-8cdd-3f6f2140724f,art.golf,resell,,,high,medium,3,"Global Domains International, Inc. DBA DomainCostClub.com",24/05/2026 15:15,24/05/2027 15:15,29/09/2026 20:37
62330051-e536-444c-a5c3-e465540942fd,philosophy.legal,available,71.99,71.99,high,low,10,namesilo,,,27/09/2026 13:03
97885d5b-24f3-43d9-9476-66c776a62791,philosophy.solar,available,5.57,53.72,high,low,10,dynadot,,,27/09/2026 13:03
7ce6f005-e8ec-40c9-a8d0-b42e9cc0ef3b,philosophy.solutions,available,8.98,41.98,high,low,10,namecheap,,,27/09/2026 13:03
263b8721-4bae-4470-a789-98d40569bfa1,philosophy.forex,available,10.55,83,high,low,10,spaceship,,,27/09/2026 13:03
d7a87cf6-9a14-471d-ab12-7bbd410d4c04,literature.farm,available,4.98,49.98,high,low,10,namecheap,,,24/08/2026 02:03
8faca00a-343e-46e9-9e28-0dc1c60118ef,literature.gg,available,68.98,82.98,high,low,10,namecheap,,,24/08/2026 02:03
10728872-5dca-48c8-9739-e3c5eb6c0572,arts.channel,premium,516.67,516.67,high,low,4,spaceship,,,28/09/2026 04:29
c20c9b6d-ac3d-4e85-95fd-0e03df50fe74,philosophy.creditcard,available,125.2,125.2,high,low,10,cloudflare,,,27/09/2026 13:03
e6203986-d68d-48f0-a9c0-bd62226e67e9,studies.associates,available,18.99,38.99,high,low,7,namesilo,,,16/09/2026 11:06
092f1e58-e012-460f-bbfe-2d624c5a81cc,history.gratis,available,23.99,23.99,high,low,7,namesilo,,,28/09/2026 17:27
65721c64-caf0-4d27-b747-22cef2c0d8ed,literature.pub,premium,1107,1107,high,low,10,namesilo,,,24/08/2026 02:03
69abaa52-1014-4680-a69b-bf7a75d7b7aa,history.ski,premium,102.67,102.67,high,low,7,spaceship,,,28/09/2026 17:27
ea88fd9f-73a8-4b48-be1b-b7136c61ecfc,literature.ing,premium,437.5,437.5,high,low,10,name.com,,,24/08/2026 02:03
01cfe994-6d30-4911-9811-96e167c3a452,literature.works,available,7.99,38.99,high,low,10,namesilo,,,27/09/2026 06:58
3a36a4f5-2b34-4054-8349-df2d50bc7b9c,philosophy.gallery,available,22.2,22.2,high,low,10,cloudflare,,,27/09/2026 13:03
75cbab30-9269-4aae-bee1-08aeb988a186,art.soy,premium,545.26,545.26,high,medium,3,porkbun,,,29/09/2026 20:37
b2322d48-37de-439b-b49f-3eed85ab1a7a,studies.tours,available,5.98,81.98,high,low,7,namecheap,,,16/09/2026 11:06
ee67ed5f-cc36-4e93-8720-2640f4ea3213,studies.services,available,14.99,38.99,high,low,7,namesilo,,,16/09/2026 11:06
b90ac2e8-0e8e-4c6b-9e9c-0d7f891927bd,philosophy.plumbing,available,72.99,72.99,high,low,10,namesilo,,,27/09/2026 13:03
8543c5e9-ecc3-407c-9caf-18e97036ddbf,philosophy.vacations,available,38.99,38.99,high,low,10,namesilo,,,27/09/2026 13:03
e5517ec6-a9b9-4186-8b3a-4f940602f365,literature.fishing,available,32.49,32.49,high,low,10,namesilo,,,24/08/2026 02:03
a2fcb6b0-6e49-425b-8f2c-e1ede51d1d99,history.im,resell,,,high,low,7,,,,28/09/2026 17:27
a9cfce90-9894-4278-a05b-51a318a35c40,arts.agency,resell,,,high,low,4,"Spaceship, Inc.",28/03/2024 15:15,28/03/2027 15:15,28/09/2026 04:29
85a0151d-b427-4101-9291-05b640ab8ad3,history.accountants,available,117.99,117.99,high,low,7,namesilo,,,28/09/2026 17:27
93decad6-6f94-424c-8906-afa601332b1c,culture.sucks,premium,2182.75,2182.75,high,medium,7,porkbun,,,29/09/2026 12:04
8645c270-13c7-494e-b08a-c10aa4dc23e0,studies.navy,available,43.98,45.98,high,low,7,namecheap,,,16/09/2026 11:06
44d2cb8f-9b44-4f16-a40b-d2fc9f211f0f,literature.apartments,available,19.99,83.99,high,low,10,name.com,,,24/08/2026 02:03
5474b6cb-9820-41fa-acf7-106b7e4cebd8,literature.cards,available,3.99,50.99,high,low,10,name.com,,,24/08/2026 02:03
9159eeaa-8222-42f6-a20e-4e4ae51f2c2c,studies.care,available,20.99,44.49,high,low,7,namesilo,,,16/09/2026 11:06
c51a298b-8b5c-4319-9d3e-bea88319c214,art.tools,resell,,,high,medium,3,Dynadot Inc,15/10/2023 15:15,15/10/2027 15:15,29/09/2026 20:37
ccee7d1f-b24e-4f9e-8b46-86941b684163,arts.services,resell,,,high,low,4,"Sav.com, LLC",15/08/2025 00:16,15/08/2027 00:16,28/09/2026 04:29
6ebe9015-22ed-4dfa-b967-df08d189da63,studies.limited,available,36.99,36.99,high,low,7,namesilo,,,16/09/2026 11:06
8d5584a8-84ef-4d03-9edd-72ec397451a4,history.giving,available,6.41,22.39,high,low,7,spaceship,,,28/09/2026 17:27
661287c4-56aa-48ec-aa91-10e798ff0b53,literature.gmbh,available,45.99,45.99,high,low,10,namesilo,,,24/08/2026 02:03
d11c4ffb-7d17-41cc-aad4-5281397db16b,art.living,premium,1449.2,2070.2,high,medium,3,spaceship,,,29/09/2026 20:37
aa7329e6-8ea6-4ab5-a08e-7d688d5ac862,philosophy.live,premium,2750,2750,high,low,10,dynadot,,,27/09/2026 13:03
1fa608a0-fe77-442a-b6a4-260f0849b516,philosophy.eco,available,47.81,59.71,high,low,10,spaceship,,,27/09/2026 13:03
ce1add6f-01cd-41dc-9abc-a0f1be386af1,culture.free,premium,109.69,109.69,high,medium,7,porkbun,,,29/09/2026 12:04
a8e8ff41-b24c-4aa7-b044-a83ddde83f0b,culture.ski,premium,3450,3450,high,medium,7,namesilo,,,29/09/2026 12:04
609c66ff-15e8-4a1e-9bff-2a73d33a5314,art.hair,premium,2070.2,2070.2,high,medium,3,spaceship,,,29/09/2026 20:37
408e63b5-6a2e-4cd3-ae61-6115bd5fa8a6,history.maison,available,57.99,57.99,high,low,7,namesilo,,,28/09/2026 17:27
632fa3c7-b872-4f78-95f8-9ab994354ea8,studies.sex,available,69.98,154.98,high,low,7,namecheap,,,16/09/2026 11:06
b522797b-6b7a-4f7a-a02a-29d4f0fb0a86,arts.deal,premium,116,116,high,low,4,namesilo,,,28/09/2026 04:29
8a6465ec-8340-4afb-b198-f2e2117050ea,philosophy.attorney,available,49.88,49.88,high,low,10,spaceship,,,27/09/2026 13:03
ed7bf8d6-0ebe-4a10-9cf5-5ba15e32b610,art.tel,resell,,,high,medium,3,"GoDaddy.com, LLC",16/01/2021 07:21,16/01/2031 07:21,29/09/2026 20:37
be28fb2b-3366-42da-a8ed-9c3e8e3ea2d0,art.yoga,premium,440,26.97,high,medium,3,dynadot,,,29/09/2026 20:37
7a25d21b-d738-4c09-a812-6d1760a29130,studies.organic,available,17.99,85.99,high,low,7,namesilo,,,16/09/2026 11:06
ff5545ea-ef98-4054-82e5-434f66ea890e,arts.guide,resell,,,high,low,4,"Spaceship, Inc.",29/11/2017 23:27,29/11/2026 23:27,28/09/2026 04:29
4339617a-2a8f-42bb-9249-755facd1f3ac,philosophy.pro,resell,,,high,low,10,"TurnCommerce, Inc. DBA NameBright.com",17/06/2019 10:27,17/06/2027 10:27,27/09/2026 13:03
ff923c75-28dd-461c-8da8-4f2ddd921130,culture.cv,premium,1042.76,7.76,high,medium,7,spaceship,,,29/09/2026 12:04
f054a22f-cc10-47c0-825f-a840a4fc08ce,literature.media,available,5.98,58.98,high,low,10,namecheap,,,24/08/2026 02:03
40a7acca-ba8d-4885-81f4-ba8cd27e600b,art.christmas,premium,2600,2600,high,medium,3,namecheap,,,29/09/2026 20:37
727285b0-6473-4d31-af28-6323945a3f78,art.loan,premium,,,high,medium,3,,,,29/09/2026 20:37
98e7369b-7f30-45d2-8f15-7d7df1438f7a,history.car,available,1863.2,2064.2,high,low,7,spaceship,,,28/09/2026 17:27
5a7ac9fe-8415-44c2-933a-273a50d49b79,literature.boo,premium,73.75,73.75,high,low,10,name.com,,,24/08/2026 02:03
d6757caa-5ca3-4971-af7d-535ae7a5ba83,philosophy.observer,premium,11.44,11.44,high,low,10,porkbun,,,27/09/2026 13:03
186711eb-b931-4a37-a0ec-b52ac7130985,arts.page,premium,648.7,648.7,high,low,4,namecheap,,,28/09/2026 04:29
e53a1472-3666-4868-a71f-b168f791b4a7,philosophy.cx,available,18.99,18.99,high,low,10,namesilo,,,27/09/2026 13:03
527ca007-43de-406e-b242-0ec9843ea060,philosophy.luxe,available,19.49,19.49,high,low,10,namesilo,,,27/09/2026 13:03
cd279e98-8329-44d7-9c8f-c251b464e325,art.cheap,premium,440,440,high,medium,3,dynadot,,,29/09/2026 20:37
fd56f2ab-c257-4647-ae17-081745f5f1a5,literature.camera,available,21.99,75.99,high,low,10,name.com,,,24/08/2026 02:03
443c10a2-e8ba-49a5-bc69-e1633347ba6a,philosophy.pink,available,14.49,25.99,high,low,10,namesilo,,,27/09/2026 13:03
2827f0d0-3a79-457c-9618-49fb875e670a,philosophy.ceo,available,10.19,129.99,high,low,10,namesilo,,,27/09/2026 13:03
bc3ff88d-cfec-48cb-8acd-928a0db31f1e,culture.flights,available,20.9,46.78,high,medium,7,spaceship,,,29/09/2026 12:04
80db6955-c693-43a7-b73f-29d495c23ac7,literature.ventures,available,5.98,75.98,high,low,10,namecheap,,,24/08/2026 02:03
a253cafa-5d55-4e09-99c5-fc37f8c984fc,language.space,premium,1625,6500,high,low,8,namecheap,,,25/09/2026 15:54
a3b81ba9-693a-466e-b5d5-87632c98cdd9,studies.accountant,available,23.59,23.59,high,low,7,namesilo,,,16/09/2026 11:06
af562fa0-6054-4381-ae35-143f20a13d0c,studies.catering,available,38.99,38.99,high,low,7,namesilo,,,16/09/2026 11:06
15e11c54-a3fc-4044-9f4a-b8bc5b2a6620,arts.bar,resell,,,high,low,4,"Dynadot, LLC",01/12/2025 21:02,01/12/2026 21:02,28/09/2026 04:29
694ce21f-10ac-4637-9d8a-11bea2fa05e0,humanities.art,premium,282.76,72.65,high,low,10,spaceship,,,28/09/2026 22:20
8e45c949-8eca-41c2-9646-2f7ddbb3a256,philosophy.gratis,available,23.99,23.99,high,low,10,namesilo,,,27/09/2026 13:03
96fc3dde-92c7-403b-8ef9-e885f124d175,philosophy.dating,available,20.99,64.99,high,low,10,namesilo,,,27/09/2026 13:03
da56420b-ff0c-4e84-a019-591414701d0e,philosophy.hot,premium,116,116,high,low,10,namesilo,,,27/09/2026 13:03
d1a42f2b-2849-448a-8593-7e14b3630b2e,philosophy.bar,premium,230.4,230.4,high,low,10,namesilo,,,27/09/2026 13:03
f2a3a0cf-7306-4648-a776-ffcf0732a6ef,studies.cafe,available,7.25,51.99,high,low,7,namesilo,,,16/09/2026 11:06
fb8ca9d3-f351-4198-9720-58117d2ae8df,studies.restaurant,available,11.98,81.98,high,low,7,namecheap,,,16/09/2026 11:06
571546b0-29e4-41a9-9713-589ead14bfd9,arts.rehab,premium,242,242,high,low,4,namesilo,,,28/09/2026 04:29
a07c513f-ff50-4598-8658-159264159728,arts.viajes,available,35.18,35.18,high,low,4,spaceship,,,28/09/2026 04:29